[08:53:25] [08:53:25] === 自动打怪 v2 启动 ===
[08:53:25] [08:53:25][决策] 角色: 屏幕(257,508)  小地图(20,58)
平台: platform_0  朝向: r  模式: 固定路线
途经点[1]: (117,64)  平台=platform_0  距离=(+96,+6)  回归=下跳
动作: 身前有怪（dx=127），用爆炸箭攻击
[08:53:25] [08:53:25] [动作] 攻击键 [shift]
[08:53:25] [08:53:25][决策] 角色: 屏幕(257,508)  小地图(20,58)
平台: platform_0  朝向: r  模式: 固定路线
途经点[1]: (117,64)  平台=platform_0  距离=(+96,+6)  回归=下跳
动作: 身前有怪（dx=124），用爆炸箭攻击
[08:53:26] [08:53:26] [动作] 攻击键 [shift]
[08:53:26] [08:53:26][决策] 角色: 屏幕(257,508)  小地图(20,58)
平台: platform_0  朝向: r  模式: 固定路线
途经点[1]: (117,64)  平台=platform_0  距离=(+96,+6)  回归=下跳
动作: 同平台向右步行
[08:53:26] [08:53:26][决策] 角色: 屏幕(265,508)  小地图(22,58)
平台: platform_0  朝向: r  模式: 固定路线
途经点[1]: (117,64)  平台=platform_0  距离=(+96,+6)  回归=下跳
动作: 同平台向右步行
[08:53:26] [08:53:26][决策] 角色: 屏幕(315,508)  小地图(24,58)
平台: platform_0  朝向: r  模式: 固定路线
途经点[1]: (117,64)  平台=platform_0  距离=(+92,+6)  回归=下跳
动作: 同平台向右步行
[08:53:27] [08:53:27][决策] 角色: 屏幕(369,508)  小地图(28,58)
平台: platform_0  朝向: r  模式: 固定路线
途经点[1]: (117,64)  平台=platform_0  距离=(+88,+6)  回归=下跳
动作: 身前有怪（dx=35），用爆炸箭攻击
[08:53:27] [08:53:27] [按键] shift
[08:53:27] [08:53:27] [动作] 攻击键 [shift]
[08:53:27] [08:53:27][决策] 角色: 屏幕(354,495)  小地图(26,58)
平台: platform_0  朝向: r  模式: 固定路线
途经点[1]: (117,64)  平台=platform_0  距离=(+90,+6)  回归=下跳
动作: 身前有怪（dx=50），用爆炸箭攻击
[08:53:27] [08:53:27] [动作] 攻击键 [shift]
[08:53:28] [08:53:28][决策] 角色: 屏幕(341,508)  小地图(26,58)
平台: platform_0  朝向: r  模式: 固定路线
途经点[1]: (117,64)  平台=platform_0  距离=(+90,+6)  回归=下跳
动作: 同平台向右步行
[08:53:28] [08:53:28][决策] 角色: 屏幕(351,508)  小地图(26,58)
平台: platform_0  朝向: r  模式: 固定路线
途经点[1]: (117,64)  平台=platform_0  距离=(+90,+6)  回归=下跳
动作: 同平台向右步行
[08:53:28] [08:53:28][决策] 角色: 屏幕(396,508)  小地图(30,58)
平台: platform_0  朝向: r  模式: 固定路线
途经点[1]: (117,64)  平台=platform_0  距离=(+88,+6)  回归=下跳
动作: 身前有怪（dx=139），用爆炸箭攻击
[08:53:28] [08:53:28] [按键] shift
[08:53:28] [08:53:28] [动作] 攻击键 [shift]
[08:53:29] [08:53:29][决策] 角色: 屏幕(427,508)  小地图(32,58)
平台: platform_0  朝向: r  模式: 固定路线
途经点[1]: (117,64)  平台=platform_0  距离=(+86,+6)  回归=下跳
动作: 身前有怪（dx=113），用爆炸箭攻击
[08:53:29] [08:53:29] [动作] 攻击键 [shift]
[08:53:29] [08:53:29][决策] 角色: 屏幕(427,508)  小地图(32,58)
平台: platform_0  朝向: r  模式: 固定路线
途经点[1]: (117,64)  平台=platform_0  距离=(+86,+6)  回归=下跳
动作: 身前有怪（dx=113），用爆炸箭攻击
[08:53:29] [08:53:29] [动作] 攻击键 [shift]
[08:53:29] [08:53:29] [0060] 绳梯诊断: 黄点有 pos=(32,58)  最近绳梯=x=112 y=[42,62] dist=80.5
[08:53:29] [08:53:29][决策] 角色: 屏幕(427,508)  小地图(32,58)
平台: platform_0  朝向: r  模式: 固定路线
途经点[1]: (117,64)  平台=platform_0  距离=(+86,+6)  回归=下跳
动作: 同平台向右步行
[08:53:29] [08:53:29][决策] 角色: 屏幕(427,508)  小地图(32,58)
平台: platform_0  朝向: r  模式: 固定路线
途经点[1]: (117,64)  平台=platform_0  距离=(+86,+6)  回归=下跳
动作: 同平台向右步行
[08:53:30] [08:53:30][决策] 角色: 屏幕(449,508)  小地图(34,58)
平台: platform_0  朝向: r  模式: 固定路线
途经点[1]: (117,64)  平台=platform_0  距离=(+84,+6)  回归=下跳
动作: 身前有怪（dx=109），用爆炸箭攻击
[08:53:30] [08:53:30] [按键] shift
[08:53:30] [08:53:30] [动作] 攻击键 [shift]
[08:53:30] [08:53:30][决策] 角色: 屏幕(449,508)  小地图(34,60)
平台: platform_0  朝向: r  模式: 固定路线
途经点[1]: (117,64)  平台=platform_0  距离=(+82,+4)  回归=下跳
动作: 身前有怪（dx=104），用爆炸箭攻击
[08:53:30] [08:53:30] [动作] 攻击键 [shift]
[08:53:31] [08:53:31][决策] 角色: 屏幕(468,520)  小地图(34,60)
平台: platform_0  朝向: r  模式: 固定路线
途经点[1]: (117,64)  平台=platform_0  距离=(+82,+4)  回归=下跳
动作: 身前有怪（dx=85），用爆炸箭攻击
[08:53:31] [08:53:31] [动作] 攻击键 [shift]
[08:53:31] [08:53:31][决策] 角色: 屏幕(468,520)  小地图(34,60)
平台: platform_0  朝向: r  模式: 固定路线
途经点[1]: (117,64)  平台=platform_0  距离=(+82,+4)  回归=下跳
动作: 身前有怪（dx=86），用爆炸箭攻击
[08:53:31] [08:53:31] [按键] shift
[08:53:31] [08:53:31] [动作] 攻击键 [shift]
[08:53:31] [08:53:31][决策] 角色: 屏幕(468,520)  小地图(34,60)
平台: platform_0  朝向: r  模式: 固定路线
途经点[1]: (117,64)  平台=platform_0  距离=(+82,+4)  回归=下跳
动作: 身前有怪（dx=86），用爆炸箭攻击
[08:53:31] [08:53:31] [动作] 攻击键 [shift]
[08:53:32] [08:53:32][决策] 角色: 屏幕(468,520)  小地图(34,60)
平台: platform_0  朝向: r  模式: 固定路线
途经点[1]: (117,64)  平台=platform_0  距离=(+82,+4)  回归=下跳
动作: 身前有怪（dx=89），用爆炸箭攻击
[08:53:32] [08:53:32] [动作] 攻击键 [shift]
[08:53:32] [08:53:32][决策] 角色: 屏幕(468,520)  小地图(34,60)
平台: platform_0  朝向: r  模式: 固定路线
途经点[1]: (117,64)  平台=platform_0  距离=(+82,+4)  回归=下跳
动作: 身前有怪（dx=88），用爆炸箭攻击
[08:53:32] [08:53:32] [按键] shift
[08:53:32] [08:53:32] [动作] 攻击键 [shift]
[08:53:32] [08:53:32][决策] 角色: 屏幕(468,520)  小地图(34,60)
平台: platform_0  朝向: r  模式: 固定路线
途经点[1]: (117,64)  平台=platform_0  距离=(+82,+4)  回归=下跳
动作: 身前有怪（dx=88），用爆炸箭攻击
[08:53:32] [08:53:32] [动作] 攻击键 [shift]
[08:53:33] [08:53:33][决策] 角色: 屏幕(468,520)  小地图(34,60)
平台: platform_0  朝向: r  模式: 固定路线
途经点[1]: (117,64)  平台=platform_0  距离=(+82,+4)  回归=下跳
动作: 身前有怪（dx=65），用爆炸箭攻击
[08:53:33] [08:53:33] [动作] 攻击键 [shift]
[08:53:33] [08:53:33][决策] 角色: 屏幕(400,508)  小地图(30,58)
平台: platform_0  朝向: r  模式: 固定路线
途经点[1]: (117,64)  平台=platform_0  距离=(+88,+6)  回归=下跳
动作: 身前有怪（dx=73），用爆炸箭攻击
[08:53:33] [08:53:33] [按键] shift
[08:53:33] [08:53:33] [动作] 攻击键 [shift]
[08:53:33] [08:53:33][决策] 角色: 屏幕(395,508)  小地图(30,58)
平台: platform_0  朝向: r  模式: 固定路线
途经点[1]: (117,64)  平台=platform_0  距离=(+88,+6)  回归=下跳
动作: 身前有怪（dx=78），用爆炸箭攻击
[08:53:33] [08:53:33] [动作] 攻击键 [shift]
[08:53:34] [08:53:34][决策] 角色: 屏幕(395,508)  小地图(30,58)
平台: platform_0  朝向: r  模式: 固定路线
途经点[1]: (117,64)  平台=platform_0  距离=(+88,+6)  回归=下跳
动作: 同平台向右步行
[08:53:34] [08:53:34][决策] 角色: 屏幕(395,508)  小地图(30,58)
平台: platform_0  朝向: r  模式: 固定路线
途经点[1]: (117,64)  平台=platform_0  距离=(+88,+6)  回归=下跳
动作: 同平台向右步行
[08:53:34] [08:53:34][决策] 角色: 屏幕(419,508)  小地图(32,58)
平台: platform_0  朝向: r  模式: 固定路线
途经点[1]: (117,64)  平台=platform_0  距离=(+86,+6)  回归=下跳
动作: 同平台向右步行
[08:53:35] [08:53:35][决策] 角色: 屏幕(487,520)  小地图(36,60)
平台: platform_0  朝向: r  模式: 固定路线
途经点[1]: (117,64)  平台=platform_0  距离=(+82,+4)  回归=下跳
动作: 同平台向右步行
[08:53:35] [08:53:35][决策] 角色: 屏幕(521,544)  小地图(38,60)
平台: platform_0  朝向: r  模式: 固定路线
途经点[1]: (117,64)  平台=platform_0  距离=(+80,+4)  回归=下跳
动作: 同平台向右步行
[08:53:35] [08:53:35][决策] 角色: 屏幕(573,569)  小地图(40,62)
平台: platform_0  朝向: r  模式: 固定路线
途经点[1]: (117,64)  平台=platform_0  距离=(+76,+2)  回归=下跳
动作: 同平台向右步行
[08:53:36] [08:53:36][决策] 角色: 屏幕(629,568)  小地图(44,62)
平台: platform_0  朝向: r  模式: 固定路线
途经点[1]: (117,64)  平台=platform_0  距离=(+72,+2)  回归=下跳
动作: 同平台向右步行
[08:53:36] [08:53:36][决策] 角色: 屏幕(664,567)  小地图(46,62)
平台: platform_0  朝向: r  模式: 固定路线
途经点[1]: (117,64)  平台=platform_0  距离=(+70,+2)  回归=下跳
动作: 同平台向右步行
[08:53:37] [08:53:37][决策] 角色: 屏幕(713,566)  小地图(50,62)
平台: platform_0  朝向: r  模式: 固定路线
途经点[1]: (117,64)  平台=platform_0  距离=(+68,+2)  回归=下跳
动作: 同平台向右步行
[08:53:37] [08:53:37][决策] 角色: 屏幕(761,559)  小地图(52,62)
平台: platform_0  朝向: r  模式: 固定路线
途经点[1]: (117,64)  平台=platform_0  距离=(+64,+2)  回归=下跳
动作: 同平台向右步行
[08:53:37] [08:53:37][决策] 角色: 屏幕(762,558)  小地图(56,62)
平台: platform_0  朝向: r  模式: 固定路线
途经点[1]: (117,64)  平台=platform_0  距离=(+62,+2)  回归=下跳
动作: 同平台向右步行
[08:53:37] [08:53:37][决策] 角色: 屏幕(762,557)  小地图(58,62)
平台: platform_0  朝向: r  模式: 固定路线
途经点[1]: (117,64)  平台=platform_0  距离=(+60,+2)  回归=下跳
动作: 同平台向右步行
[08:53:38] [08:53:38][决策] 角色: 屏幕(762,554)  小地图(60,62)
平台: platform_0  朝向: r  模式: 固定路线
途经点[1]: (117,64)  平台=platform_0  距离=(+56,+2)  回归=下跳
动作: 同平台向右步行
[08:53:38] [08:53:38][决策] 角色: 屏幕(763,553)  小地图(64,62)
平台: platform_0  朝向: r  模式: 固定路线
途经点[1]: (117,64)  平台=platform_0  距离=(+52,+2)  回归=下跳
动作: 同平台向右步行
[08:53:39] [08:53:39][决策] 角色: 屏幕(762,552)  小地图(66,62)
平台: platform_0  朝向: r  模式: 固定路线
途经点[1]: (117,64)  平台=platform_0  距离=(+50,+2)  回归=下跳
动作: 同平台向右步行
[08:53:39] [08:53:39][决策] 角色: 屏幕(762,550)  小地图(70,62)
平台: platform_0  朝向: r  模式: 固定路线
途经点[1]: (117,64)  平台=platform_0  距离=(+48,+2)  回归=下跳
动作: 身前有怪（dx=114），用爆炸箭攻击
[08:53:39] [08:53:39] [按键] shift
[08:53:39] [08:53:39] [动作] 攻击键 [shift]
[08:53:39] [08:53:39][决策] 角色: 屏幕(745,552)  小地图(72,62)
平台: platform_0  朝向: r  模式: 固定路线
途经点[1]: (117,64)  平台=platform_0  距离=(+46,+2)  回归=下跳
动作: 身前有怪（dx=37），用爆炸箭攻击
[08:53:39] [08:53:39] [动作] 攻击键 [shift]
[08:53:40] [08:53:40][决策] 角色: 屏幕(722,552)  小地图(72,62)
平台: platform_0  朝向: r  模式: 固定路线
途经点[1]: (117,64)  平台=platform_0  距离=(+46,+2)  回归=下跳
动作: 身前有怪（dx=60），用爆炸箭攻击
[08:53:40] [08:53:40] [动作] 攻击键 [shift]
[08:53:40] [08:53:40][决策] 角色: 屏幕(704,552)  小地图(72,62)
平台: platform_0  朝向: r  模式: 固定路线
途经点[1]: (117,64)  平台=platform_0  距离=(+46,+2)  回归=下跳
动作: 身前有怪（dx=51），用爆炸箭攻击
[08:53:40] [08:53:40] [按键] shift
[08:53:40] [08:53:40] [动作] 攻击键 [shift]
[08:53:40] [08:53:40][决策] 角色: 屏幕(696,552)  小地图(72,62)
平台: platform_0  朝向: r  模式: 固定路线
途经点[1]: (117,64)  平台=platform_0  距离=(+46,+2)  回归=下跳
动作: 身前有怪（dx=59），用爆炸箭攻击
[08:53:40] [08:53:40] [动作] 攻击键 [shift]
[08:53:41] [08:53:41][决策] 角色: 屏幕(688,552)  小地图(72,62)
平台: platform_0  朝向: r  模式: 固定路线
途经点[1]: (117,64)  平台=platform_0  距离=(+46,+2)  回归=下跳
动作: 身前有怪（dx=70），用爆炸箭攻击
[08:53:41] [08:53:41] [动作] 攻击键 [shift]
[08:53:41] [08:53:41][决策] 角色: 屏幕(684,552)  小地图(72,62)
平台: platform_0  朝向: r  模式: 固定路线
途经点[1]: (117,64)  平台=platform_0  距离=(+46,+2)  回归=下跳
动作: 身前有怪（dx=74），用爆炸箭攻击
[08:53:41] [08:53:41] [动作] 攻击键 [shift]
[08:53:41] [08:53:41][决策] 角色: 屏幕(679,552)  小地图(72,62)
平台: platform_0  朝向: r  模式: 固定路线
途经点[1]: (117,64)  平台=platform_0  距离=(+46,+2)  回归=下跳
动作: 同平台向右步行
[08:53:42] [08:53:42][决策] 角色: 屏幕(677,552)  小地图(72,62)
平台: platform_0  朝向: r  模式: 固定路线
途经点[1]: (117,64)  平台=platform_0  距离=(+46,+2)  回归=下跳
动作: 同平台向右步行
[08:53:42] [08:53:42][决策] 角色: 屏幕(691,553)  小地图(74,62)
平台: platform_0  朝向: r  模式: 固定路线
途经点[1]: (117,64)  平台=platform_0  距离=(+44,+2)  回归=下跳
动作: 同平台向右步行
[08:53:42] [08:53:42][决策] 角色: 屏幕(732,562)  小地图(78,62)
平台: platform_0  朝向: r  模式: 固定路线
途经点[1]: (117,64)  平台=platform_0  距离=(+40,+2)  回归=下跳
动作: 同平台向右步行
[08:53:43] [08:53:43][决策] 角色: 屏幕(744,562)  小地图(80,62)
平台: platform_0  朝向: r  模式: 固定路线
途经点[1]: (117,64)  平台=platform_0  距离=(+38,+2)  回归=下跳
动作: 同平台向右步行
[08:53:43] [08:53:43][决策] 角色: 屏幕(753,562)  小地图(82,62)
平台: platform_0  朝向: r  模式: 固定路线
途经点[1]: (117,64)  平台=platform_0  距离=(+34,+2)  回归=下跳
动作: 身前有怪（dx=138），用爆炸箭攻击
[08:53:43] [08:53:43] [按键] shift
[08:53:43] [08:53:43] [动作] 攻击键 [shift]
[08:53:43] [08:53:43][决策] 角色: 屏幕(741,562)  小地图(84,62)
平台: platform_0  朝向: r  模式: 固定路线
途经点[1]: (117,64)  平台=platform_0  距离=(+32,+2)  回归=下跳
动作: 身前有怪（dx=90），用爆炸箭攻击
[08:53:43] [08:53:43] [动作] 攻击键 [shift]
[08:53:44] [08:53:44][决策] 角色: 屏幕(721,562)  小地图(84,62)
平台: platform_0  朝向: r  模式: 固定路线
途经点[1]: (117,64)  平台=platform_0  距离=(+32,+2)  回归=下跳
动作: 身前有怪（dx=110），用爆炸箭攻击
[08:53:44] [08:53:44] [动作] 攻击键 [shift]
[08:53:44] [08:53:44][决策] 角色: 屏幕(721,562)  小地图(84,62)
平台: platform_0  朝向: r  模式: 固定路线
途经点[1]: (117,64)  平台=platform_0  距离=(+32,+2)  回归=下跳
动作: 同平台向右步行
[08:53:44] [08:53:44][决策] 角色: 屏幕(721,562)  小地图(84,62)
平台: platform_0  朝向: r  模式: 固定路线
途经点[1]: (117,64)  平台=platform_0  距离=(+32,+2)  回归=下跳
动作: 同平台向右步行
[08:53:45] [08:53:45][决策] 角色: 屏幕(736,562)  小地图(86,62)
平台: platform_0  朝向: r  模式: 固定路线
途经点[1]: (117,64)  平台=platform_0  距离=(+32,+2)  回归=下跳
动作: 同平台向右步行
[08:53:45] [08:53:45][决策] 角色: 屏幕(785,561)  小地图(88,62)
平台: platform_0  朝向: r  模式: 固定路线
途经点[1]: (117,64)  平台=platform_0  距离=(+28,+2)  回归=下跳
动作: 同平台向右步行
[08:53:45] [08:53:45][决策] 角色: 屏幕(835,561)  小地图(92,62)
平台: platform_0  朝向: r  模式: 固定路线
途经点[1]: (117,64)  平台=platform_0  距离=(+26,+2)  回归=下跳
动作: 同平台向右步行
[08:53:46] [08:53:46][决策] 角色: 屏幕(885,561)  小地图(94,62)
平台: platform_0  朝向: r  模式: 固定路线
途经点[1]: (117,64)  平台=platform_0  距离=(+22,+2)  回归=下跳
动作: 身前有怪（dx=111），用爆炸箭攻击
[08:53:46] [08:53:46] [按键] shift
[08:53:46] [08:53:46] [动作] 攻击键 [shift]
[08:53:46] [08:53:46] [0300] 绳梯诊断: 黄点有 pos=(96,62)  最近绳梯=x=112 y=[42,62] dist=15.5
[08:53:46] [08:53:46][决策] 角色: 屏幕(917,561)  小地图(96,62)
平台: platform_0  朝向: r  模式: 固定路线
途经点[1]: (117,64)  平台=platform_0  距离=(+20,+2)  回归=下跳
动作: 身前有怪（dx=75），用爆炸箭攻击
[08:53:46] [08:53:46] [动作] 攻击键 [shift]
[08:53:46] [08:53:46][决策] 角色: 屏幕(917,561)  小地图(96,62)
平台: platform_0  朝向: r  模式: 固定路线
途经点[1]: (117,64)  平台=platform_0  距离=(+20,+2)  回归=下跳
动作: 身前有怪（dx=75），用爆炸箭攻击
[08:53:47] [08:53:47] [动作] 攻击键 [shift]
[08:53:47] [08:53:47][决策] 角色: 屏幕(917,561)  小地图(96,62)
平台: platform_0  朝向: r  模式: 固定路线
途经点[1]: (117,64)  平台=platform_0  距离=(+20,+2)  回归=下跳
动作: 同平台向右步行
[08:53:47] [08:53:47][决策] 角色: 屏幕(917,561)  小地图(96,62)
平台: platform_0  朝向: r  模式: 固定路线
途经点[1]: (117,64)  平台=platform_0  距离=(+20,+2)  回归=下跳
动作: 同平台向右步行
[08:53:47] [08:53:47][决策] 角色: 屏幕(934,561)  小地图(98,62)
平台: platform_0  朝向: r  模式: 固定路线
途经点[1]: (117,64)  平台=platform_0  距离=(+20,+2)  回归=下跳
动作: 同平台向右步行
[08:53:48] [08:53:48][决策] 角色: 屏幕(982,565)  小地图(100,62)
平台: platform_0  朝向: r  模式: 固定路线
途经点[1]: (117,64)  平台=platform_0  距离=(+16,+2)  回归=下跳
动作: 同平台向右步行
[08:53:48] [08:53:48][决策] 角色: 屏幕(961,565)  小地图(100,62)
平台: platform_0  朝向: r  模式: 固定路线
途经点[1]: (117,64)  平台=platform_0  距离=(+18,+2)  回归=下跳
动作: 身前有怪（dx=56），用爆炸箭攻击
[08:53:48] [08:53:48] [按键] shift
[08:53:48] [08:53:48] [动作] 攻击键 [shift]
[08:53:49] [08:53:49][决策] 角色: 屏幕(993,568)  小地图(102,62)
平台: platform_0  朝向: r  模式: 固定路线
途经点[1]: (117,64)  平台=platform_0  距离=(+16,+2)  回归=下跳
动作: 身前有怪（dx=119），用爆炸箭攻击
[08:53:49] [08:53:49] [动作] 攻击键 [shift]
[08:53:49] [08:53:49][决策] 角色: 屏幕(993,568)  小地图(102,62)
平台: platform_0  朝向: r  模式: 固定路线
途经点[1]: (117,64)  平台=platform_0  距离=(+16,+2)  回归=下跳
动作: 身前有怪（dx=119），用爆炸箭攻击
[08:53:49] [08:53:49] [动作] 攻击键 [shift]
[08:53:49] [08:53:49][决策] 角色: 屏幕(993,568)  小地图(102,62)
平台: platform_0  朝向: r  模式: 固定路线
途经点[1]: (117,64)  平台=platform_0  距离=(+16,+2)  回归=下跳
动作: 身前有怪（dx=30），用爆炸箭攻击
[08:53:49] [08:53:49] [按键] shift
[08:53:49] [08:53:49] [动作] 攻击键 [shift]
[08:53:50] [08:53:50][决策] 角色: 屏幕(1073,568)  小地图(106,62)
平台: platform_0  朝向: r  模式: 固定路线
途经点[1]: (117,64)  平台=platform_0  距离=(+10,+2)  回归=下跳
动作: 身前有怪（dx=95），用爆炸箭攻击
[08:53:50] [08:53:50] [动作] 攻击键 [shift]
[08:53:50] [08:53:50][决策] 角色: 屏幕(1081,568)  小地图(106,62)
平台: platform_0  朝向: r  模式: 固定路线
途经点[1]: (117,64)  平台=platform_0  距离=(+10,+2)  回归=下跳
动作: 身前有怪（dx=87），用爆炸箭攻击
[08:53:50] [08:53:50] [动作] 攻击键 [shift]
[08:53:50] [08:53:50][决策] 角色: 屏幕(1081,568)  小地图(106,62)
平台: platform_0  朝向: r  模式: 固定路线
途经点[1]: (117,64)  平台=platform_0  距离=(+10,+2)  回归=下跳
动作: 身前有怪（dx=93），用爆炸箭攻击
[08:53:50] [08:53:50] [动作] 攻击键 [shift]
[08:53:51] [08:53:51] [0360] 绳梯诊断: 黄点有 pos=(106,62)  最近绳梯=无匹配 dist=-
[08:53:51] [08:53:51][决策] 角色: 屏幕(1081,568)  小地图(106,62)
平台: platform_0  朝向: r  模式: 固定路线
途经点[1]: (117,64)  平台=platform_0  距离=(+10,+2)  回归=下跳
动作: 身前有怪（dx=113），用爆炸箭攻击
[08:53:51] [08:53:51] [按键] shift
[08:53:51] [08:53:51] [动作] 攻击键 [shift]
[08:53:51] [08:53:51][决策] 角色: 屏幕(1081,568)  小地图(106,62)
平台: platform_0  朝向: r  模式: 固定路线
途经点[1]: (117,64)  平台=platform_0  距离=(+10,+2)  回归=下跳
动作: 身前有怪（dx=113），用爆炸箭攻击
[08:53:51] [08:53:51] [动作] 攻击键 [shift]
[08:53:51] [08:53:51][决策] 角色: 屏幕(1002,568)  小地图(102,62)
平台: platform_0  朝向: r  模式: 固定路线
途经点[1]: (117,64)  平台=platform_0  距离=(+16,+2)  回归=下跳
动作: 身前有怪（dx=21），用爆炸箭攻击
[08:53:51] [08:53:51] [动作] 攻击键 [shift]
[08:53:52] [08:53:52][决策] 角色: 屏幕(991,568)  小地图(100,62)
平台: platform_0  朝向: r  模式: 固定路线
途经点[1]: (117,64)  平台=platform_0  距离=(+16,+2)  回归=下跳
动作: 身前有怪（dx=32），用爆炸箭攻击
[08:53:52] [08:53:52] [动作] 攻击键 [shift]
[08:53:52] [08:53:52][决策] 角色: 屏幕(991,568)  小地图(100,62)
平台: platform_0  朝向: r  模式: 固定路线
途经点[1]: (117,64)  平台=platform_0  距离=(+16,+2)  回归=下跳
动作: 身前有怪（dx=92），用爆炸箭攻击
[08:53:52] [08:53:52] [按键] shift
[08:53:52] [08:53:52] [动作] 攻击键 [shift]
[08:53:52] [08:53:52][决策] 角色: 屏幕(991,568)  小地图(100,62)
平台: platform_0  朝向: r  模式: 固定路线
途经点[1]: (117,64)  平台=platform_0  距离=(+16,+2)  回归=下跳
动作: 同平台向右步行
[08:53:53] [08:53:53][决策] 角色: 屏幕(991,568)  小地图(100,62)
平台: platform_0  朝向: r  模式: 固定路线
途经点[1]: (117,64)  平台=platform_0  距离=(+16,+2)  回归=下跳
动作: 同平台向右步行
[08:53:53] [08:53:53][决策] 角色: 屏幕(1013,568)  小地图(102,62)
平台: platform_0  朝向: r  模式: 固定路线
途经点[1]: (117,64)  平台=platform_0  距离=(+14,+2)  回归=下跳
动作: 同平台向右步行
[08:53:53] [08:53:53][决策] 角色: 屏幕(1045,568)  小地图(104,62)
平台: platform_0  朝向: r  模式: 固定路线
途经点[1]: (117,64)  平台=platform_0  距离=(+12,+2)  回归=下跳
动作: 同平台向右步行
[08:53:54] [08:53:54][决策] 角色: 屏幕(1092,568)  小地图(108,62)
平台: platform_0  朝向: r  模式: 固定路线
途经点[1]: (117,64)  平台=platform_0  距离=(+10,+2)  回归=下跳
动作: 身前有怪（dx=31），用爆炸箭攻击
[08:53:54] [08:53:54] [按键] shift
[08:53:54] [08:53:54] [动作] 攻击键 [shift]
[08:53:54] [08:53:54][决策] 角色: 屏幕(1069,568)  小地图(106,62)
平台: platform_0  朝向: r  模式: 固定路线
途经点[1]: (117,64)  平台=platform_0  距离=(+12,+2)  回归=下跳
动作: 同平台向右步行
[08:53:54] [08:53:54][决策] 角色: 屏幕(1067,568)  小地图(106,62)
平台: platform_0  朝向: r  模式: 固定路线
途经点[1]: (117,64)  平台=platform_0  距离=(+12,+2)  回归=下跳
动作: 同平台向右步行
[08:53:55] [08:53:55][决策] 角色: 屏幕(1092,568)  小地图(108,62)
平台: platform_0  朝向: r  模式: 固定路线
途经点[1]: (117,64)  平台=platform_0  距离=(+10,+2)  回归=下跳
动作: 到达途经点1，前往2
[08:53:55] [08:53:55][决策] 角色: 屏幕(1092,568)  小地图(110,62)
平台: platform_0  朝向: r  模式: 固定路线
途经点[2]: (112,52)  平台=未知  距离=(+2,-10)  回归=下跳
动作: 到达途经点2，前往3
[08:53:55] [08:53:55][决策] 角色: 屏幕(1128,567)  小地图(110,62)
平台: platform_0  朝向: r  模式: 固定路线
途经点[3]: (113,41)  平台=platform_1  距离=(+4,-22)  回归=下跳
动作: 身前有怪（dx=121），用爆炸箭攻击
[08:53:55] [08:53:55] [按键] shift
[08:53:55] [08:53:55] [动作] 攻击键 [shift]
[08:53:56] [08:53:56][决策] 角色: 屏幕(1128,567)  小地图(110,62)
平台: platform_0  朝向: r  模式: 固定路线
途经点[3]: (113,41)  平台=platform_1  距离=(+4,-22)  回归=下跳
动作: 身前有怪（dx=121），用爆炸箭攻击
[08:53:56] [08:53:56] [动作] 攻击键 [shift]
[08:53:56] [08:53:56][决策] 角色: 屏幕(1128,567)  小地图(110,62)
平台: platform_0  朝向: r  模式: 固定路线
途经点[3]: (113,41)  平台=platform_1  距离=(+4,-22)  回归=下跳
动作: 身前有怪（dx=121），用爆炸箭攻击
[08:53:56] [08:53:56] [动作] 攻击键 [shift]
[08:53:56] [08:53:56] [爬梯] 创建: dir=up rope_x=112 target_y=42 dep_y=62
[08:53:56] [08:53:56][决策] 角色: 屏幕(1128,567)  小地图(110,62)
平台: platform_0  朝向: r  模式: 固定路线
途经点[3]: (113,41)  平台=platform_1  距离=(+4,-22)  回归=下跳
动作: 跨平台 绳梯 → platform_1
[08:53:56] [08:53:56] [爬梯] turn: dx=2 facing=r matched → skip to move
[08:53:56] [08:53:56] [爬梯] move: at_position dx=2 → settle
[08:53:57] [08:53:57] [爬梯] move→mount jump_up(r)
[08:53:57] [08:53:57] [动作] 上跳 右
[08:53:57] [08:53:57] [动作] 按↑ 爬升
[08:53:57] [08:53:57] [爬梯] mount→climb
[08:53:57] [08:53:57] [动作] 按↑ 爬升
[08:53:58] [08:53:58] [动作] 按↑ 爬升
[08:53:58] [08:53:58] [动作] 按↑ 爬升
[08:53:58] [08:53:58] [动作] 按↑ 爬升
[08:53:58] [08:53:58] 到达目标平台，附近无怪，无需重置朝向
[08:53:58] [08:53:58] [爬梯] 创建: dir=up rope_x=112 target_y=42 dep_y=62
[08:53:58] [08:53:58][决策] 角色: 屏幕(1226,568)  小地图(116,62)
平台: platform_0  朝向: r  模式: 固定路线
途经点[3]: (113,41)  平台=platform_1  距离=(-2,-22)  回归=下跳
动作: 跨平台 绳梯 → platform_1
[08:53:58] [08:53:58] [爬梯] turn: dx=-4 facing=r → tap l
[08:53:58] [08:53:58] [按键] l
[08:53:58] [08:53:58] [爬梯] turn→move
[08:53:58] [08:53:58] [爬梯] move: at_position dx=-4 → settle
[08:53:58] [08:53:58] 发现近身怪物，中断上梯优先清怪
[08:53:58] [08:53:58] 近身怪物，中断爬梯
[08:53:59] [08:53:59][决策] 角色: 屏幕(1219,568)  小地图(116,62)
平台: platform_0  朝向: l  模式: 固定路线
途经点[3]: (113,41)  平台=platform_1  距离=(-2,-22)  回归=下跳
动作: 身前有怪（dx=-133），用爆炸箭攻击
[08:53:59] [08:53:59] [动作] 攻击键 [shift]
[08:53:59] [08:53:59] [0480] 绳梯诊断: 黄点有 pos=(116,62)  最近绳梯=无匹配 dist=-
[08:53:59] [08:53:59][决策] 角色: 屏幕(1219,568)  小地图(116,62)
平台: platform_0  朝向: l  模式: 固定路线
途经点[3]: (113,41)  平台=platform_1  距离=(-2,-22)  回归=下跳
动作: 身前有怪（dx=-134），用爆炸箭攻击
[08:53:59] [08:53:59] [按键] shift
[08:53:59] [08:53:59] [动作] 攻击键 [shift]
[08:53:59] [08:53:59][决策] 角色: 屏幕(1219,568)  小地图(116,62)
平台: platform_0  朝向: l  模式: 固定路线
途经点[3]: (113,41)  平台=platform_1  距离=(-2,-22)  回归=下跳
动作: 身前有怪（dx=-134），用爆炸箭攻击
[08:53:59] [08:53:59] [动作] 攻击键 [shift]
[08:54:00] [08:54:00][决策] 角色: 屏幕(1219,568)  小地图(116,62)
平台: platform_0  朝向: l  模式: 固定路线
途经点[3]: (113,41)  平台=platform_1  距离=(-2,-22)  回归=下跳
动作: 身后有怪（dx=37），转身攻击
[08:54:00] [08:54:00] [动作] 原地转向 右
[08:54:00] [08:54:00] [动作] 攻击键 [shift]
[08:54:00] [08:54:00] [爬梯] 创建: dir=up rope_x=112 target_y=42 dep_y=62
[08:54:00] [08:54:00][决策] 角色: 屏幕(1219,568)  小地图(116,62)
平台: platform_0  朝向: r  模式: 固定路线
途经点[3]: (113,41)  平台=platform_1  距离=(-2,-22)  回归=下跳
动作: 跨平台 绳梯 → platform_1
[08:54:00] [08:54:00] [爬梯] turn: dx=-4 facing=r → tap l
[08:54:00] [08:54:00] [按键] l
[08:54:00] [08:54:00] [爬梯] turn→move
[08:54:00] [08:54:00] [爬梯] move: at_position dx=-2 → settle
[08:54:01] [08:54:01] [爬梯] move→mount jump_up(l)
[08:54:01] [08:54:01] [动作] 上跳 左
[08:54:01] [08:54:01] 发现近身怪物，中断上梯优先清怪
[08:54:01] [08:54:01] 近身怪物，中断爬梯
[08:54:01] [08:54:01][决策] 角色: 屏幕(1175,485)  小地图(112,58)
平台: 未知  朝向: l  模式: 固定路线
途经点[3]: (113,41)  平台=platform_1  距离=(+0,-16)  回归=下跳
动作: 同平台向右步行
[08:54:01] [08:54:01] [0513] 检测到角色在绳梯上 (x=112, y=56)
[08:54:01] [08:54:01] [爬梯] 创建: dir=up rope_x=112 target_y=42 dep_y=56
[08:54:01] [08:54:01][决策] 角色: 屏幕(1175,473)  小地图(112,56)
平台: 未知  朝向: l  模式: 固定路线
动作: 在绳梯上 (x=112, y=56)，继续向上爬升
[08:54:02] [08:54:02] [爬梯] turn: dx=-0 facing=l matched → skip to move
[08:54:02] [08:54:02] [爬梯] move: at_position dx=-0 → settle
[08:54:02] [08:54:02] [爬梯] move→mount jump_up(l)
[08:54:02] [08:54:02] [动作] 上跳 左
[08:54:02] [08:54:02] 发现近身怪物，中断上梯优先清怪
[08:54:02] [08:54:02] 近身怪物，中断爬梯
[08:54:02] [08:54:02] [0527] 角色离开绳梯
[08:54:03] [08:54:03][决策] 角色: 屏幕(1126,557)  小地图(110,62)
平台: platform_0  朝向: l  模式: 固定路线
途经点[3]: (113,41)  平台=platform_1  距离=(+4,-20)  回归=下跳
动作: 身后有怪（dx=17），转身攻击
[08:54:03] [08:54:03] [按键] r
[08:54:03] [08:54:03] [动作] 原地转向 右
[08:54:03] [08:54:03] [动作] 攻击键 [shift]
[08:54:03] [08:54:03][决策] 角色: 屏幕(1127,568)  小地图(110,62)
平台: platform_0  朝向: r  模式: 固定路线
途经点[3]: (113,41)  平台=platform_1  距离=(+4,-22)  回归=下跳
动作: 身前有怪（dx=66），用爆炸箭攻击
[08:54:03] [08:54:03] [动作] 攻击键 [shift]
[08:54:03] [08:54:03][决策] 角色: 屏幕(1127,568)  小地图(110,62)
平台: platform_0  朝向: r  模式: 固定路线
途经点[3]: (113,41)  平台=platform_1  距离=(+4,-22)  回归=下跳
动作: 身前有怪（dx=66），用爆炸箭攻击
[08:54:03] [08:54:03] [动作] 攻击键 [shift]
[08:54:03] [08:54:03] [0540] 绳梯诊断: 黄点有 pos=(110,62)  最近绳梯=无匹配 dist=-
[08:54:04] [08:54:04][决策] 角色: 屏幕(1127,568)  小地图(110,62)
平台: platform_0  朝向: r  模式: 固定路线
途经点[3]: (113,41)  平台=platform_1  距离=(+4,-22)  回归=下跳
动作: 身前有怪（dx=39），用爆炸箭攻击
[08:54:04] [08:54:04] [按键] shift
[08:54:04] [08:54:04] [动作] 攻击键 [shift]
[08:54:04] [08:54:04][决策] 角色: 屏幕(1126,567)  小地图(106,62)
平台: platform_0  朝向: r  模式: 固定路线
途经点[3]: (113,41)  平台=platform_1  距离=(+6,-20)  回归=下跳
动作: 身前有怪（dx=40），用爆炸箭攻击
[08:54:04] [08:54:04] [动作] 攻击键 [shift]
[08:54:04] [08:54:04][决策] 角色: 屏幕(1038,568)  小地图(104,62)
平台: platform_0  朝向: r  模式: 固定路线
途经点[3]: (113,41)  平台=platform_1  距离=(+10,-22)  回归=下跳
动作: 身前有怪（dx=66），用爆炸箭攻击
[08:54:04] [08:54:04] [动作] 攻击键 [shift]
[08:54:05] [08:54:05] [爬梯] 创建: dir=up rope_x=112 target_y=42 dep_y=62
[08:54:05] [08:54:05][决策] 角色: 屏幕(1038,568)  小地图(104,62)
平台: platform_0  朝向: r  模式: 固定路线
途经点[3]: (113,41)  平台=platform_1  距离=(+10,-22)  回归=下跳
动作: 跨平台 绳梯 → platform_1
[08:54:05] [08:54:05] [爬梯] turn: dx=8 facing=r matched → skip to move
[08:54:05] [08:54:05] [爬梯] move: dx=8 → walk r
[08:54:05] [08:54:05] 发现近身怪物，中断上梯优先清怪
[08:54:05] [08:54:05] 近身怪物，中断爬梯
[08:54:05] [08:54:05] [爬梯] 创建: dir=up rope_x=112 target_y=42 dep_y=62
[08:54:05] [08:54:05][决策] 角色: 屏幕(1048,568)  小地图(108,62)
平台: platform_0  朝向: r  模式: 固定路线
途经点[3]: (113,41)  平台=platform_1  距离=(+6,-22)  回归=下跳
动作: 跨平台 绳梯 → platform_1
[08:54:05] [08:54:05] [爬梯] turn: dx=4 facing=r matched → skip to move
[08:54:05] [08:54:05] [爬梯] move: dx=4 → walk r
[08:54:05] [08:54:05] [爬梯] move: at_position dx=4 → settle
[08:54:06] [08:54:06] [爬梯] move→mount jump_up(r)
[08:54:06] [08:54:06] [动作] 上跳 右
[08:54:06] [08:54:06] 发现近身怪物，中断上梯优先清怪
[08:54:06] [08:54:06] 近身怪物，中断爬梯
[08:54:06] [08:54:06][决策] 角色: 屏幕(1154,568)  小地图(110,62)
平台: platform_0  朝向: r  模式: 固定路线
途经点[3]: (113,41)  平台=platform_1  距离=(+2,-22)  回归=下跳
动作: 身后有怪（dx=-74），转身攻击
[08:54:06] [08:54:06] [按键] l
[08:54:06] [08:54:06] [动作] 原地转向 左
[08:54:07] [08:54:07] [动作] 攻击键 [ctrl]
[08:54:07] [08:54:07][决策] 角色: 屏幕(1180,568)  小地图(112,62)
平台: platform_0  朝向: l  模式: 固定路线
途经点[3]: (113,41)  平台=platform_1  距离=(+0,-22)  回归=下跳
动作: 身前有怪（dx=-100），用二连射攻击
[08:54:07] [08:54:07] [动作] 攻击键 [ctrl]
[08:54:07] [08:54:07] [动作] 攻击键 [ctrl]
[08:54:07] [08:54:07] [爬梯] 创建: dir=up rope_x=112 target_y=42 dep_y=62
[08:54:07] [08:54:07][决策] 角色: 屏幕(1180,568)  小地图(112,62)
平台: platform_0  朝向: l  模式: 固定路线
途经点[3]: (113,41)  平台=platform_1  距离=(+0,-22)  回归=下跳
动作: 跨平台 绳梯 → platform_1
[08:54:07] [08:54:07] [爬梯] turn: dx=-0 facing=l matched → skip to move
[08:54:07] [08:54:07] [爬梯] move: at_position dx=-0 → settle
[08:54:07] [08:54:07] [爬梯] move→mount jump_up(l)
[08:54:07] [08:54:07] [动作] 上跳 左
[08:54:08] [08:54:08] [0600] 绳梯诊断: 黄点有 pos=(110,58)  最近绳梯=x=112 y=[42,62] dist=2.5
[08:54:08] [08:54:08] [动作] 按↑ 爬升
[08:54:08] [08:54:08] [爬梯] mount→climb
[08:54:08] [08:54:08] [动作] 按↑ 爬升
[08:54:08] [08:54:08] [动作] 按↑ 爬升
[08:54:08] [08:54:08] [动作] 按↑ 爬升
[08:54:08] [08:54:08] 到达目标平台，附近无怪，无需重置朝向
[08:54:09] [08:54:09][决策] 角色: 屏幕(1077,568)  小地图(106,62)
平台: platform_0  朝向: l  模式: 固定路线
途经点[3]: (113,41)  平台=platform_1  距离=(+6,-22)  回归=下跳
动作: 身后有怪（dx=122），转身攻击
[08:54:09] [08:54:09] [按键] r
[08:54:09] [08:54:09] [动作] 原地转向 右
[08:54:09] [08:54:09] [动作] 攻击键 [shift]
[08:54:09] [08:54:09] [爬梯] 创建: dir=up rope_x=112 target_y=42 dep_y=62
[08:54:09] [08:54:09][决策] 角色: 屏幕(1079,568)  小地图(106,62)
平台: platform_0  朝向: r  模式: 固定路线
途经点[3]: (113,41)  平台=platform_1  距离=(+6,-22)  回归=下跳
动作: 跨平台 绳梯 → platform_1
[08:54:09] [08:54:09] [爬梯] turn: dx=6 facing=r matched → skip to move
[08:54:09] [08:54:09] [爬梯] move: dx=6 → walk r
[08:54:09] [08:54:09] 发现近身怪物，中断上梯优先清怪
[08:54:09] [08:54:09] 近身怪物，中断爬梯
[08:54:10] [08:54:10] [爬梯] 创建: dir=up rope_x=112 target_y=42 dep_y=62
[08:54:10] [08:54:10][决策] 角色: 屏幕(1082,568)  小地图(106,62)
平台: platform_0  朝向: r  模式: 固定路线
途经点[3]: (113,41)  平台=platform_1  距离=(+6,-22)  回归=下跳
动作: 跨平台 绳梯 → platform_1
[08:54:10] [08:54:10] [爬梯] turn: dx=6 facing=r matched → skip to move
[08:54:10] [08:54:10] [爬梯] move: dx=6 → walk r
[08:54:10] [08:54:10] [爬梯] move: at_position dx=4 → settle
[08:54:10] [08:54:10] [爬梯] move→mount jump_up(r)
[08:54:10] [08:54:10] [动作] 上跳 右
[08:54:11] [08:54:11] [0647] 检测到角色在绳梯上 (x=112, y=56)
[08:54:11] [08:54:11] [动作] 按↑ 爬升
[08:54:11] [08:54:11] [爬梯] mount→climb
[08:54:11] [08:54:11] [动作] 按↑ 爬升
[08:54:11] [08:54:11] [动作] 按↑ 爬升
[08:54:11] [08:54:11] [动作] 按↑ 爬升
[08:54:11] [08:54:11] [动作] 按↑ 爬升
[08:54:11] [08:54:11] [动作] 按↑ 爬升
[08:54:11] [08:54:11] [动作] 按↑ 爬升
[08:54:11] [08:54:11] [动作] 按↑ 爬升
[08:54:12] [08:54:12] [动作] 按↑ 爬升
[08:54:12] [08:54:12] [动作] 按↑ 爬升
[08:54:12] [08:54:12] [动作] 按↑ 爬升
[08:54:12] [08:54:12] [动作] 按↑ 爬升
[08:54:12] [08:54:12] [动作] 按↑ 爬升
[08:54:12] [08:54:12] [动作] 按↑ 爬升
[08:54:12] [08:54:12] [动作] 按↑ 爬升
[08:54:12] [08:54:12] [动作] 按↑ 爬升
[08:54:12] [08:54:12] [动作] 按↑ 爬升
[08:54:12] [08:54:12] [动作] 按↑ 爬升
[08:54:12] [08:54:12] [动作] 按↑ 爬升
[08:54:12] [08:54:12] [动作] 按↑ 爬升
[08:54:12] [08:54:12] [动作] 按↑ 爬升
[08:54:12] [08:54:12] [动作] 按↑ 爬升
[08:54:12] [08:54:12] [动作] 按↑ 爬升
[08:54:12] [08:54:12] [动作] 按↑ 爬升
[08:54:13] [08:54:13] [动作] 按↑ 爬升
[08:54:13] [08:54:13] [动作] 按↑ 爬升
[08:54:13] [08:54:13] [动作] 按↑ 爬升
[08:54:13] [08:54:13] [动作] 按↑ 爬升
[08:54:13] [08:54:13] [动作] 按↑ 爬升
[08:54:13] [08:54:13] [动作] 按↑ 爬升
[08:54:13] [08:54:13] [动作] 按↑ 爬升
[08:54:13] [08:54:13] [动作] 按↑ 爬升
[08:54:13] [08:54:13] [动作] 按↑ 爬升
[08:54:13] [08:54:13] [动作] 按↑ 爬升
[08:54:13] [08:54:13] [动作] 按↑ 爬升
[08:54:13] [08:54:13] [0683] 角色离开绳梯
[08:54:13] [08:54:13] [动作] 按↑ 爬升
[08:54:13] [08:54:13] [动作] 按↑ 爬升
[08:54:13] [08:54:13] [爬梯] climb: reached top py=42 target=42
[08:54:13] [08:54:13] [动作] 按↑ 爬升
[08:54:13] [08:54:13] [动作] 按↑ 爬升
[08:54:13] [08:54:13] [动作] 按↑ 爬升
[08:54:14] [08:54:14] [动作] 按↑ 爬升
[08:54:14] [08:54:14] [动作] 按↑ 爬升
[08:54:14] [08:54:14] [动作] 按↑ 爬升
[08:54:14] [08:54:14] [动作] 按↑ 爬升
[08:54:14] [08:54:14] [动作] 按↑ 爬升
[08:54:14] [08:54:14] [动作] 按↑ 爬升
[08:54:14] [08:54:14] [爬梯] climb→finish
[08:54:14] [08:54:14] 到达目标平台，附近无怪，无需重置朝向
[08:54:15] [08:54:15][决策] 角色: 屏幕(1176,271)  小地图(112,40)
平台: platform_1  朝向: r  模式: 固定路线
途经点[3]: (113,41)  平台=platform_1  距离=(+0,+2)  回归=下跳
动作: 到达途经点3，前往4
[08:54:15] [08:54:15][决策] 角色: 屏幕(1176,271)  小地图(112,40)
平台: platform_1  朝向: r  模式: 固定路线
途经点[4]: (106,30)  平台=未知  距离=(-6,-10)  回归=下跳
动作: 到达途经点4，前往5
[08:54:15] [08:54:15] [爬梯] 创建: dir=up rope_x=106 target_y=21 dep_y=41
[08:54:15] [08:54:15][决策] 角色: 屏幕(1176,271)  小地图(112,40)
平台: platform_1  朝向: r  模式: 固定路线
途经点[5]: (118,19)  平台=platform_5  距离=(+6,-20)  回归=下跳
动作: 跨平台 绳梯 → platform_5
[08:54:15] [08:54:15] [爬梯] turn: dx=-6 facing=r → tap l
[08:54:15] [08:54:15] [按键] l
[08:54:15] [08:54:15] [爬梯] turn→move
[08:54:15] [08:54:15] [爬梯] move: dx=-6 → walk l
[08:54:16] [08:54:16] [爬梯] move: at_position dx=-4 → settle
[08:54:16] [08:54:16] [爬梯] move→mount jump_up(l)
[08:54:16] [08:54:16] [动作] 上跳 左
[08:54:17] [08:54:17] [0736] 检测到角色在绳梯上 (x=106, y=34)
[08:54:17] [08:54:17] [动作] 按↑ 爬升
[08:54:17] [08:54:17] [爬梯] mount→climb
[08:54:17] [08:54:17] [动作] 按↑ 爬升
[08:54:17] [08:54:17] [动作] 按↑ 爬升
[08:54:17] [08:54:17] [动作] 按↑ 爬升
[08:54:17] [08:54:17] [动作] 按↑ 爬升
[08:54:17] [08:54:17] [动作] 按↑ 爬升
[08:54:17] [08:54:17] [动作] 按↑ 爬升
[08:54:17] [08:54:17] [动作] 按↑ 爬升
[08:54:17] [08:54:17] [动作] 按↑ 爬升
[08:54:17] [08:54:17] [动作] 按↑ 爬升
[08:54:17] [08:54:17] [动作] 按↑ 爬升
[08:54:18] [08:54:18] [动作] 按↑ 爬升
[08:54:18] [08:54:18] [动作] 按↑ 爬升
[08:54:18] [08:54:18] [动作] 按↑ 爬升
[08:54:18] [08:54:18] [动作] 按↑ 爬升
[08:54:18] [08:54:18] [动作] 按↑ 爬升
[08:54:18] [08:54:18] [动作] 按↑ 爬升
[08:54:18] [08:54:18] [动作] 按↑ 爬升
[08:54:18] [08:54:18] [动作] 按↑ 爬升
[08:54:18] [08:54:18] [动作] 按↑ 爬升
[08:54:18] [08:54:18] [0759] 角色离开绳梯
[08:54:18] [08:54:18] [动作] 按↑ 爬升
[08:54:18] [08:54:18] [动作] 按↑ 爬升
[08:54:18] [08:54:18] [动作] 按↑ 爬升
[08:54:18] [08:54:18] [动作] 按↑ 爬升
[08:54:18] [08:54:18] [动作] 按↑ 爬升
[08:54:18] [08:54:18] [动作] 按↑ 爬升
[08:54:19] [08:54:19] [动作] 按↑ 爬升
[08:54:19] [08:54:19] [动作] 按↑ 爬升
[08:54:19] [08:54:19] [爬梯] climb: reached top py=20 target=21
[08:54:19] [08:54:19] [动作] 按↑ 爬升
[08:54:19] [08:54:19] [动作] 按↑ 爬升
[08:54:19] [08:54:19] [动作] 按↑ 爬升
[08:54:19] [08:54:19] [动作] 按↑ 爬升
[08:54:19] [08:54:19] [动作] 按↑ 爬升
[08:54:19] [08:54:19] [动作] 按↑ 爬升
[08:54:19] [08:54:19] [动作] 按↑ 爬升
[08:54:19] [08:54:19] [动作] 按↑ 爬升
[08:54:19] [08:54:19] [动作] 按↑ 爬升
[08:54:19] [08:54:19] [爬梯] climb→finish
[08:54:19] [08:54:19] 到达目标平台，附近无怪，无需重置朝向
[08:54:20] [08:54:20][决策] 角色: 屏幕(1085,388)  小地图(106,18)
平台: platform_5  朝向: l  模式: 固定路线
途经点[5]: (118,19)  平台=platform_5  距离=(+12,+0)  回归=下跳
动作: 身前有怪（dx=-29），用爆炸箭攻击
[08:54:20] [08:54:20] [按键] shift
[08:54:20] [08:54:20] [动作] 攻击键 [shift]
[08:54:20] [08:54:20][决策] 角色: 屏幕(1085,394)  小地图(106,18)
平台: platform_5  朝向: l  模式: 固定路线
途经点[5]: (118,19)  平台=platform_5  距离=(+12,+0)  回归=下跳
动作: 身前有怪（dx=-29），用爆炸箭攻击
[08:54:20] [08:54:20] [动作] 攻击键 [shift]
[08:54:20] [08:54:20][决策] 角色: 屏幕(1085,394)  小地图(106,18)
平台: platform_5  朝向: l  模式: 固定路线
途经点[5]: (118,19)  平台=platform_5  距离=(+12,+0)  回归=下跳
动作: 身前有怪（dx=-59），用爆炸箭攻击
[08:54:21] [08:54:21] [动作] 攻击键 [shift]
[08:54:21] [08:54:21][决策] 角色: 屏幕(1085,394)  小地图(106,18)
平台: platform_5  朝向: l  模式: 固定路线
途经点[5]: (118,19)  平台=platform_5  距离=(+12,+0)  回归=下跳
动作: 身前有怪（dx=-98），用爆炸箭攻击
[08:54:21] [08:54:21] [按键] shift
[08:54:21] [08:54:21] [动作] 攻击键 [shift]
[08:54:21] [08:54:21][决策] 角色: 屏幕(1085,394)  小地图(106,18)
平台: platform_5  朝向: l  模式: 固定路线
途经点[5]: (118,19)  平台=platform_5  距离=(+12,+0)  回归=下跳
动作: 身前有怪（dx=-98），用爆炸箭攻击
[08:54:21] [08:54:21] [动作] 攻击键 [shift]
[08:54:21] [08:54:21][决策] 角色: 屏幕(1085,394)  小地图(106,18)
平台: platform_5  朝向: l  模式: 固定路线
途经点[5]: (118,19)  平台=platform_5  距离=(+12,+0)  回归=下跳
动作: 同平台向右步行
[08:54:22] [08:54:22][决策] 角色: 屏幕(1085,394)  小地图(106,18)
平台: platform_5  朝向: l  模式: 固定路线
途经点[5]: (118,19)  平台=platform_5  距离=(+12,+0)  回归=下跳
动作: 同平台向右步行
[08:54:22] [08:54:22][决策] 角色: 屏幕(1107,388)  小地图(108,18)
平台: platform_5  朝向: l  模式: 固定路线
途经点[5]: (118,19)  平台=platform_5  距离=(+10,+0)  回归=下跳
动作: 到达途经点5，前往6
[08:54:23] [08:54:23][决策] 角色: 屏幕(1137,387)  小地图(110,18)
平台: platform_5  朝向: l  模式: 固定路线
途经点[6]: (82,22)  平台=platform_5  距离=(-28,+4)  回归=下跳
动作: 同平台向左步行
[08:54:23] [08:54:23][决策] 角色: 屏幕(1113,388)  小地图(108,18)
平台: platform_5  朝向: l  模式: 固定路线
途经点[6]: (82,22)  平台=platform_5  距离=(-26,+4)  回归=下跳
动作: 同平台向左步行
[08:54:23] [08:54:23][决策] 角色: 屏幕(1096,390)  小地图(104,18)
平台: platform_5  朝向: l  模式: 固定路线
途经点[6]: (82,22)  平台=platform_5  距离=(-22,+4)  回归=下跳
动作: 同平台向左步行
[08:54:23] [08:54:23] [0840] 绳梯诊断: 黄点有 pos=(104,18)  最近绳梯=无匹配 dist=-
[08:54:24] [08:54:24][决策] 角色: 屏幕(994,397)  小地图(100,18)
平台: platform_5  朝向: l  模式: 固定路线
途经点[6]: (82,22)  平台=platform_5  距离=(-18,+4)  回归=下跳
动作: 同平台向左步行
[08:54:24] [08:54:24][决策] 角色: 屏幕(959,398)  小地图(98,18)
平台: platform_5  朝向: l  模式: 固定路线
途经点[6]: (82,22)  平台=platform_5  距离=(-16,+4)  回归=下跳
动作: 同平台向左步行
[08:54:24] [08:54:24][决策] 角色: 屏幕(912,399)  小地图(96,18)
平台: platform_5  朝向: l  模式: 固定路线
途经点[6]: (82,22)  平台=platform_5  距离=(-14,+4)  回归=下跳
动作: 身前有怪（dx=-117），用爆炸箭攻击
[08:54:24] [08:54:24] [按键] shift
[08:54:24] [08:54:24] [动作] 攻击键 [shift]
[08:54:25] [08:54:25] [动作] 攻击键 [shift]
[08:54:25] [08:54:25][决策] 角色: 屏幕(880,400)  小地图(94,18)
平台: platform_5  朝向: l  模式: 固定路线
途经点[6]: (82,22)  平台=platform_5  距离=(-12,+4)  回归=下跳
动作: 身前有怪（dx=-58），用爆炸箭攻击
[08:54:25] [08:54:25] [动作] 攻击键 [shift]
[08:54:25] [08:54:25][决策] 角色: 屏幕(880,400)  小地图(94,18)
平台: platform_5  朝向: l  模式: 固定路线
途经点[6]: (82,22)  平台=platform_5  距离=(-12,+4)  回归=下跳
动作: 身前有怪（dx=-58），用爆炸箭攻击
[08:54:25] [08:54:25] [动作] 攻击键 [shift]
[08:54:26] [08:54:26][决策] 角色: 屏幕(880,400)  小地图(94,18)
平台: platform_5  朝向: l  模式: 固定路线
途经点[6]: (82,22)  平台=platform_5  距离=(-12,+4)  回归=下跳
动作: 同平台向左步行
[08:54:26] [08:54:26][决策] 角色: 屏幕(880,400)  小地图(94,18)
平台: platform_5  朝向: l  模式: 固定路线
途经点[6]: (82,22)  平台=platform_5  距离=(-12,+4)  回归=下跳
动作: 同平台向左步行
[08:54:26] [08:54:26][决策] 角色: 屏幕(859,400)  小地图(92,18)
平台: platform_5  朝向: l  模式: 固定路线
途经点[6]: (82,22)  平台=platform_5  距离=(-10,+4)  回归=下跳
动作: 同平台向左步行
[08:54:27] [08:54:27][决策] 角色: 屏幕(823,405)  小地图(90,20)
平台: platform_5  朝向: l  模式: 固定路线
途经点[6]: (82,22)  平台=platform_5  距离=(-8,+2)  回归=下跳
动作: 到达途经点6，前往7
[08:54:27] [08:54:27][决策] 角色: 屏幕(823,405)  小地图(88,20)
平台: platform_5  朝向: l  模式: 固定路线
途经点[7]: (79,24)  平台=platform_4  距离=(-8,+5)  回归=下跳
动作: 跨平台 跳跃 → platform_4
[08:54:27] [08:54:27] [0900] 绳梯诊断: 黄点有 pos=(86,20)  最近绳梯=无匹配 dist=-
[08:54:30] [08:54:30] [按键] l
[08:54:30] [08:54:30] [动作] 原地转向 左
[08:54:30] [08:54:30] 到达目标平台，附近有怪，重置朝向
[08:54:30] [08:54:30][决策] 角色: 屏幕(551,473)  小地图(62,24)
平台: 未知  朝向: l  模式: 固定路线
途经点[7]: (79,24)  平台=platform_4  距离=(+18,+1)  回归=下跳
动作: 身后有怪（dx=89），转身攻击
[08:54:30] [08:54:30] [动作] 原地转向 右
[08:54:31] [08:54:31] [动作] 攻击键 [shift]
[08:54:31] [08:54:31][决策] 角色: 屏幕(578,473)  小地图(62,24)
平台: 未知  朝向: r  模式: 固定路线
途经点[7]: (79,24)  平台=platform_4  距离=(+18,+1)  回归=下跳
动作: 身前有怪（dx=118），用爆炸箭攻击
[08:54:31] [08:54:31] [动作] 攻击键 [shift]
[08:54:31] [08:54:31][决策] 角色: 屏幕(578,473)  小地图(62,24)
平台: 未知  朝向: r  模式: 固定路线
途经点[7]: (79,24)  平台=platform_4  距离=(+18,+1)  回归=下跳
动作: 身前有怪（dx=118），用爆炸箭攻击
[08:54:31] [08:54:31] [动作] 攻击键 [shift]
[08:54:31] [08:54:31][决策] 角色: 屏幕(599,473)  小地图(62,24)
平台: 未知  朝向: r  模式: 固定路线
途经点[7]: (79,24)  平台=platform_4  距离=(+18,+1)  回归=下跳
动作: 同平台向右步行
[08:54:32] [08:54:32][决策] 角色: 屏幕(625,473)  小地图(64,24)
平台: 未知  朝向: r  模式: 固定路线
途经点[7]: (79,24)  平台=platform_4  距离=(+16,+1)  回归=下跳
动作: 身前有怪（dx=125），用爆炸箭攻击
[08:54:32] [08:54:32] [按键] shift
[08:54:32] [08:54:32] [动作] 攻击键 [shift]
[08:54:32] [08:54:32][决策] 角色: 屏幕(658,473)  小地图(66,24)
平台: 未知  朝向: r  模式: 固定路线
途经点[7]: (79,24)  平台=platform_4  距离=(+14,+1)  回归=下跳
动作: 身前有怪（dx=92），用爆炸箭攻击
[08:54:32] [08:54:32] [动作] 攻击键 [shift]
[08:54:33] [08:54:33][决策] 角色: 屏幕(658,473)  小地图(66,24)
平台: 未知  朝向: r  模式: 固定路线
途经点[7]: (79,24)  平台=platform_4  距离=(+14,+1)  回归=下跳
动作: 身前有怪（dx=78），用爆炸箭攻击
[08:54:33] [08:54:33] [动作] 攻击键 [shift]
[08:54:33] [08:54:33][决策] 角色: 屏幕(658,473)  小地图(66,24)
平台: 未知  朝向: r  模式: 固定路线
途经点[7]: (79,24)  平台=platform_4  距离=(+14,+1)  回归=下跳
动作: 身前有怪（dx=78），用爆炸箭攻击
[08:54:33] [08:54:33] [动作] 攻击键 [shift]
[08:54:33] [08:54:33][决策] 角色: 屏幕(658,473)  小地图(66,24)
平台: 未知  朝向: r  模式: 固定路线
途经点[7]: (79,24)  平台=platform_4  距离=(+14,+1)  回归=下跳
动作: 同平台向右步行
[08:54:34] [08:54:34][决策] 角色: 屏幕(658,473)  小地图(66,24)
平台: 未知  朝向: r  模式: 固定路线
途经点[7]: (79,24)  平台=platform_4  距离=(+12,+1)  回归=下跳
动作: 同平台向右步行
[08:54:34] [08:54:34][决策] 角色: 屏幕(707,472)  小地图(68,24)
平台: 未知  朝向: r  模式: 固定路线
途经点[7]: (79,24)  平台=platform_4  距离=(+10,+1)  回归=下跳
动作: 同平台向右步行
[08:54:34] [08:54:34][决策] 角色: 屏幕(740,472)  小地图(72,24)
平台: 未知  朝向: r  模式: 固定路线
途经点[7]: (79,24)  平台=platform_4  距离=(+6,+1)  回归=下跳
动作: 到达途经点7，前往8
[08:54:35] [08:54:35][决策] 角色: 屏幕(737,472)  小地图(74,24)
平台: 未知  朝向: r  模式: 固定路线
途经点[8]: (81,26)  平台=platform_4  距离=(+6,+2)  回归=下跳
动作: 到达途经点8，前往9
[08:54:35] [08:54:35][决策] 角色: 屏幕(722,472)  小地图(74,24)
平台: 未知  朝向: r  模式: 固定路线
途经点[9]: (7,26)  平台=platform_4  距离=(-68,+2)  回归=下跳
动作: 同平台向左步行
[08:54:35] [08:54:35][决策] 角色: 屏幕(714,472)  小地图(72,24)
平台: 未知  朝向: r  模式: 固定路线
途经点[9]: (7,26)  平台=platform_4  距离=(-66,+2)  回归=下跳
动作: 同平台向左步行
[08:54:35] [08:54:35][决策] 角色: 屏幕(648,472)  小地图(70,24)
平台: 未知  朝向: r  模式: 固定路线
途经点[9]: (7,26)  平台=platform_4  距离=(-64,+2)  回归=下跳
动作: 同平台向左步行
[08:54:36] [08:54:36][决策] 角色: 屏幕(589,473)  小地图(66,24)
平台: 未知  朝向: r  模式: 固定路线
途经点[9]: (7,26)  平台=platform_4  距离=(-60,+2)  回归=下跳
动作: 同平台向左步行
[08:54:36] [08:54:36][决策] 角色: 屏幕(568,473)  小地图(64,24)
平台: 未知  朝向: r  模式: 固定路线
途经点[9]: (7,26)  平台=platform_4  距离=(-58,+2)  回归=下跳
动作: 同平台向左步行
[08:54:37] [08:54:37][决策] 角色: 屏幕(549,473)  小地图(62,24)
平台: 未知  朝向: r  模式: 固定路线
途经点[9]: (7,26)  平台=platform_4  距离=(-54,+2)  回归=下跳
动作: 同平台向左步行
[08:54:37] [08:54:37][决策] 角色: 屏幕(538,473)  小地图(58,24)
平台: 未知  朝向: r  模式: 固定路线
途经点[9]: (7,26)  平台=platform_4  距离=(-50,+2)  回归=下跳
动作: 同平台向左步行
[08:54:37] [08:54:37][决策] 角色: 屏幕(534,471)  小地图(56,24)
平台: 未知  朝向: r  模式: 固定路线
途经点[9]: (7,26)  平台=platform_4  距离=(-48,+2)  回归=下跳
动作: 同平台向左步行
[08:54:38] [08:54:38][决策] 角色: 屏幕(532,463)  小地图(52,22)
平台: 未知  朝向: r  模式: 固定路线
途经点[9]: (7,26)  平台=platform_4  距离=(-44,+4)  回归=下跳
动作: 身后有怪（dx=-100），转身攻击
[08:54:38] [08:54:38] [按键] l
[08:54:38] [08:54:38] [动作] 原地转向 左
[08:54:38] [08:54:38] [动作] 攻击键 [shift]
[08:54:38] [08:54:38][决策] 角色: 屏幕(536,461)  小地图(50,22)
平台: 未知  朝向: l  模式: 固定路线
途经点[9]: (7,26)  平台=platform_4  距离=(-42,+4)  回归=下跳
动作: 身前有怪（dx=-104），用爆炸箭攻击
[08:54:38] [08:54:38] [动作] 攻击键 [shift]
[08:54:38] [08:54:38][决策] 角色: 屏幕(568,461)  小地图(50,22)
平台: 未知  朝向: l  模式: 固定路线
途经点[9]: (7,26)  平台=platform_4  距离=(-42,+4)  回归=下跳
动作: 身前有怪（dx=-69），用爆炸箭攻击
[08:54:38] [08:54:38] [动作] 攻击键 [shift]
[08:54:39] [08:54:39][决策] 角色: 屏幕(581,461)  小地图(50,22)
平台: 未知  朝向: l  模式: 固定路线
途经点[9]: (7,26)  平台=platform_4  距离=(-42,+4)  回归=下跳
动作: 身前有怪（dx=-82），用爆炸箭攻击
[08:54:39] [08:54:39] [动作] 攻击键 [shift]
[08:54:39] [08:54:39][决策] 角色: 屏幕(595,461)  小地图(50,22)
平台: 未知  朝向: l  模式: 固定路线
途经点[9]: (7,26)  平台=platform_4  距离=(-42,+4)  回归=下跳
动作: 身前有怪（dx=-82），用爆炸箭攻击
[08:54:39] [08:54:39] [按键] shift
[08:54:39] [08:54:39] [动作] 攻击键 [shift]
[08:54:39] [08:54:39][决策] 角色: 屏幕(603,461)  小地图(50,22)
平台: 未知  朝向: l  模式: 固定路线
途经点[9]: (7,26)  平台=platform_4  距离=(-42,+4)  回归=下跳
动作: 同平台向左步行
[08:54:40] [08:54:40][决策] 角色: 屏幕(598,461)  小地图(50,22)
平台: 未知  朝向: l  模式: 固定路线
途经点[9]: (7,26)  平台=platform_4  距离=(-42,+4)  回归=下跳
动作: 同平台向左步行
[08:54:40] [08:54:40][决策] 角色: 屏幕(567,463)  小地图(46,22)
平台: 未知  朝向: l  模式: 固定路线
途经点[9]: (7,26)  平台=platform_4  距离=(-38,+4)  回归=下跳
动作: 身前有怪（dx=-137），用爆炸箭攻击
[08:54:40] [08:54:40] [动作] 攻击键 [shift]
[08:54:40] [08:54:40][决策] 角色: 屏幕(566,465)  小地图(44,22)
平台: 未知  朝向: l  模式: 固定路线
途经点[9]: (7,26)  平台=platform_4  距离=(-38,+4)  回归=下跳
动作: 身前有怪（dx=-74），用爆炸箭攻击
[08:54:40] [08:54:40] [按键] shift
[08:54:40] [08:54:40] [动作] 攻击键 [shift]
[08:54:41] [08:54:41][决策] 角色: 屏幕(582,465)  小地图(44,22)
平台: 未知  朝向: l  模式: 固定路线
途经点[9]: (7,26)  平台=platform_4  距离=(-38,+4)  回归=下跳
动作: 身前有怪（dx=-90），用爆炸箭攻击
[08:54:41] [08:54:41] [动作] 攻击键 [shift]
[08:54:41] [08:54:41][决策] 角色: 屏幕(595,465)  小地图(44,22)
平台: 未知  朝向: l  模式: 固定路线
途经点[9]: (7,26)  平台=platform_4  距离=(-38,+4)  回归=下跳
动作: 同平台向左步行
[08:54:41] [08:54:41][决策] 角色: 屏幕(602,465)  小地图(44,22)
平台: 未知  朝向: l  模式: 固定路线
途经点[9]: (7,26)  平台=platform_4  距离=(-38,+4)  回归=下跳
动作: 同平台向左步行
[08:54:42] [08:54:42][决策] 角色: 屏幕(595,465)  小地图(44,22)
平台: 未知  朝向: l  模式: 固定路线
途经点[9]: (7,26)  平台=platform_4  距离=(-36,+4)  回归=下跳
动作: 同平台向左步行
[08:54:42] [08:54:42][决策] 角色: 屏幕(562,465)  小地图(40,22)
平台: 未知  朝向: l  模式: 固定路线
途经点[9]: (7,26)  平台=platform_4  距离=(-34,+4)  回归=下跳
动作: 同平台向左步行
[08:54:42] [08:54:42][决策] 角色: 屏幕(519,468)  小地图(38,24)
平台: 未知  朝向: l  模式: 固定路线
途经点[9]: (7,26)  平台=platform_4  距离=(-30,+2)  回归=下跳
动作: 同平台向左步行
[08:54:43] [08:54:43][决策] 角色: 屏幕(455,470)  小地图(32,24)
平台: 未知  朝向: l  模式: 固定路线
途经点[9]: (7,26)  平台=platform_4  距离=(-26,+2)  回归=下跳
动作: 同平台向左步行
[08:54:43] [08:54:43][决策] 角色: 屏幕(422,475)  小地图(30,24)
平台: 未知  朝向: l  模式: 固定路线
途经点[9]: (7,26)  平台=platform_4  距离=(-24,+2)  回归=下跳
动作: 同平台向左步行
[08:54:43] [08:54:43][决策] 角色: 屏幕(377,476)  小地图(28,24)
平台: 未知  朝向: l  模式: 固定路线
途经点[9]: (7,26)  平台=platform_4  距离=(-20,+2)  回归=下跳
动作: 同平台向左步行
[08:54:44] [08:54:44][决策] 角色: 屏幕(325,474)  小地图(24,24)
平台: 未知  朝向: l  模式: 固定路线
途经点[9]: (7,26)  平台=platform_4  距离=(-18,+2)  回归=下跳
动作: 同平台向左步行
[08:54:44] [08:54:44] [1140] 绳梯诊断: 黄点有 pos=(24,24)  最近绳梯=x=106 y=[21,39] dist=82.5
[08:54:44] [08:54:44][决策] 角色: 屏幕(276,474)  小地图(22,24)
平台: 未知  朝向: l  模式: 固定路线
途经点[9]: (7,26)  平台=platform_4  距离=(-14,+2)  回归=下跳
动作: 同平台向左步行
[08:54:45] [08:54:45][决策] 角色: 屏幕(210,474)  小地图(18,24)
平台: 未知  朝向: l  模式: 固定路线
途经点[9]: (7,26)  平台=platform_4  距离=(-10,+2)  回归=下跳
动作: 身前有怪（dx=-70），用爆炸箭攻击
[08:54:45] [08:54:45] [按键] shift
[08:54:45] [08:54:45] [动作] 攻击键 [shift]
[08:54:45] [08:54:45][决策] 角色: 屏幕(199,460)  小地图(18,24)
平台: 未知  朝向: l  模式: 固定路线
途经点[9]: (7,26)  平台=platform_4  距离=(-10,+2)  回归=下跳
动作: 身前有怪（dx=-59），用爆炸箭攻击
[08:54:45] [08:54:45] [动作] 攻击键 [shift]
[08:54:45] [08:54:45][决策] 角色: 屏幕(230,463)  小地图(20,24)
平台: 未知  朝向: l  模式: 固定路线
途经点[9]: (7,26)  平台=platform_4  距离=(-14,+2)  回归=下跳
动作: 身前有怪（dx=-63），用爆炸箭攻击
[08:54:45] [08:54:45] [动作] 攻击键 [shift]
[08:54:46] [08:54:46][决策] 角色: 屏幕(230,463)  小地图(20,24)
平台: 未知  朝向: l  模式: 固定路线
途经点[9]: (7,26)  平台=platform_4  距离=(-14,+2)  回归=下跳
动作: 同平台向左步行
[08:54:46] [08:54:46][决策] 角色: 屏幕(263,472)  小地图(20,24)
平台: 未知  朝向: l  模式: 固定路线
途经点[9]: (7,26)  平台=platform_4  距离=(-12,+2)  回归=下跳
动作: 同平台向左步行
[08:54:46] [08:54:46][决策] 角色: 屏幕(175,474)  小地图(16,24)
平台: platform_4  朝向: l  模式: 固定路线
途经点[9]: (7,26)  平台=platform_4  距离=(-8,+2)  回归=下跳
动作: 到达途经点9，前往0
[08:54:47] [08:54:47][决策] 角色: 屏幕(147,480)  小地图(14,24)
平台: platform_4  朝向: l  模式: 固定路线
途经点[0]: (6,60)  平台=platform_0  距离=(-8,+36)  回归=下跳
动作: 身前有怪（dx=-101），用二连射攻击
[08:54:47] [08:54:47] [按键] ctrl
[08:54:47] [08:54:47] [动作] 攻击键 [ctrl]
[08:54:47] [08:54:47][决策] 角色: 屏幕(146,476)  小地图(14,24)
平台: platform_4  朝向: l  模式: 固定路线
途经点[0]: (6,60)  平台=platform_0  距离=(-8,+36)  回归=下跳
动作: 身前有怪（dx=-66），用爆炸箭攻击
[08:54:47] [08:54:47] [动作] 攻击键 [shift]
[08:54:47] [08:54:47][决策] 角色: 屏幕(146,474)  小地图(14,24)
平台: platform_4  朝向: l  模式: 固定路线
途经点[0]: (6,60)  平台=platform_0  距离=(-8,+36)  回归=下跳
动作: 身前有怪（dx=-103），用爆炸箭攻击
[08:54:47] [08:54:47] [动作] 攻击键 [shift]
[08:54:48] [08:54:48][决策] 角色: 屏幕(146,474)  小地图(14,24)
平台: platform_4  朝向: l  模式: 固定路线
途经点[0]: (6,60)  平台=platform_0  距离=(-8,+36)  回归=下跳
动作: 身前有怪（dx=-103），用爆炸箭攻击
[08:54:48] [08:54:48] [按键] shift
[08:54:48] [08:54:48] [动作] 攻击键 [shift]
[08:54:48] [08:54:48][决策] 角色: 屏幕(146,474)  小地图(14,24)
平台: platform_4  朝向: l  模式: 固定路线
途经点[0]: (6,60)  平台=platform_0  距离=(-8,+36)  回归=下跳
动作: 身前有怪（dx=-77），用爆炸箭攻击
[08:54:48] [08:54:48] [动作] 攻击键 [shift]
[08:54:48] [08:54:48][决策] 角色: 屏幕(146,474)  小地图(14,24)
平台: platform_4  朝向: l  模式: 固定路线
途经点[0]: (6,60)  平台=platform_0  距离=(-8,+36)  回归=下跳
动作: 回归方式=下跳，Alt+↓ 跳下平台
[08:54:49] [08:54:49] [按键] l
[08:54:49] [08:54:49] [动作] 原地转向 左
[08:54:49] [08:54:49] 到达目标平台，附近有怪，重置朝向
[08:54:49] [08:54:49][决策] 角色: 屏幕(146,654)  小地图(14,48)
平台: 未知  朝向: l  模式: 固定路线
途经点[0]: (6,60)  平台=platform_0  距离=(-8,+12)  回归=下跳
动作: 同平台向左步行
[08:54:50] [08:54:50][决策] 角色: 屏幕(146,654)  小地图(14,58)
平台: platform_0  朝向: l  模式: 固定路线
途经点[0]: (6,60)  平台=platform_0  距离=(-8,+2)  回归=下跳
动作: 到达途经点0，前往1
[08:54:50] [08:54:50][决策] 角色: 屏幕(114,555)  小地图(12,58)
平台: platform_0  朝向: l  模式: 固定路线
途经点[1]: (117,64)  平台=platform_0  距离=(+106,+6)  回归=下跳
动作: 身后有怪（dx=83），转身攻击
[08:54:50] [08:54:50] [按键] r
[08:54:50] [08:54:50] [动作] 原地转向 右
[08:54:50] [08:54:50] [动作] 攻击键 [shift]
[08:54:50] [08:54:50][决策] 角色: 屏幕(116,530)  小地图(12,58)
平台: platform_0  朝向: r  模式: 固定路线
途经点[1]: (117,64)  平台=platform_0  距离=(+104,+6)  回归=下跳
动作: 身前有怪（dx=81），用爆炸箭攻击
[08:54:50] [08:54:50] [动作] 攻击键 [shift]
[08:54:51] [08:54:51][决策] 角色: 屏幕(37,512)  小地图(6,58)
平台: platform_0  朝向: r  模式: 固定路线
途经点[1]: (117,64)  平台=platform_0  距离=(+110,+6)  回归=下跳
动作: 同平台向右步行
[08:54:51] [08:54:51][决策] 角色: 屏幕(37,512)  小地图(6,58)
平台: platform_0  朝向: r  模式: 固定路线
途经点[1]: (117,64)  平台=platform_0  距离=(+110,+6)  回归=下跳
动作: 同平台向右步行
[08:54:51] [08:54:51][决策] 角色: 屏幕(73,508)  小地图(10,58)
平台: platform_0  朝向: r  模式: 固定路线
途经点[1]: (117,64)  平台=platform_0  距离=(+108,+6)  回归=下跳
动作: 同平台向右步行
[08:54:52] [08:54:52][决策] 角色: 屏幕(137,508)  小地图(14,58)
平台: platform_0  朝向: r  模式: 固定路线
途经点[1]: (117,64)  平台=platform_0  距离=(+104,+6)  回归=下跳
动作: 身前有怪（dx=70），用爆炸箭攻击
[08:54:52] [08:54:52] [按键] shift
[08:54:52] [08:54:52] [动作] 攻击键 [shift]
[08:54:52] [08:54:52][决策] 角色: 屏幕(157,508)  小地图(12,58)
平台: 未知  朝向: r  模式: 固定路线
途经点[1]: (117,64)  平台=platform_0  距离=(+104,+6)  回归=下跳
动作: 身前有怪（dx=50），用爆炸箭攻击
[08:54:52] [08:54:52] [动作] 攻击键 [shift]
[08:54:52] [08:54:52] [1260] 绳梯诊断: 黄点有 pos=(12,58)  最近绳梯=x=112 y=[42,62] dist=100.5
[08:54:53] [08:54:53][决策] 角色: 屏幕(157,508)  小地图(12,58)
平台: platform_0  朝向: r  模式: 固定路线
途经点[1]: (117,64)  平台=platform_0  距离=(+106,+6)  回归=下跳
动作: 身后有怪（dx=-120），转身攻击
[08:54:53] [08:54:53] [动作] 原地转向 左
[08:54:53] [08:54:53] [动作] 攻击键 [shift]
[08:54:53] [08:54:53][决策] 角色: 屏幕(109,529)  小地图(12,58)
平台: platform_0  朝向: l  模式: 固定路线
途经点[1]: (117,64)  平台=platform_0  距离=(+106,+6)  回归=下跳
动作: 身前有怪（dx=-44），用爆炸箭攻击
[08:54:53] [08:54:53] [按键] shift
[08:54:53] [08:54:53] [动作] 攻击键 [shift]
[08:54:53] [08:54:53][决策] 角色: 屏幕(109,529)  小地图(12,58)
平台: platform_0  朝向: l  模式: 固定路线
途经点[1]: (117,64)  平台=platform_0  距离=(+106,+6)  回归=下跳
动作: 身前有怪（dx=-44），用爆炸箭攻击
[08:54:53] [08:54:53] [动作] 攻击键 [shift]
[08:54:54] [08:54:54][决策] 角色: 屏幕(109,529)  小地图(10,58)
平台: 未知  朝向: l  模式: 固定路线
途经点[1]: (117,64)  平台=platform_0  距离=(+108,+6)  回归=下跳
动作: 身前有怪（dx=-57），用爆炸箭攻击
[08:54:54] [08:54:54] [动作] 攻击键 [shift]
[08:54:54] [08:54:54][决策] 角色: 屏幕(42,496)  小地图(6,58)
平台: platform_0  朝向: l  模式: 固定路线
途经点[1]: (117,64)  平台=platform_0  距离=(+110,+6)  回归=下跳
动作: 身后有怪（dx=14），转身攻击
[08:54:54] [08:54:54] [按键] r
[08:54:54] [08:54:54] [动作] 原地转向 右
[08:54:54] [08:54:54] [动作] 攻击键 [shift]
[08:54:54] [08:54:54][决策] 角色: 屏幕(42,496)  小地图(6,58)
平台: platform_0  朝向: r  模式: 固定路线
途经点[1]: (117,64)  平台=platform_0  距离=(+110,+6)  回归=下跳
动作: 身前有怪（dx=14），用爆炸箭攻击
[08:54:54] [08:54:54] [动作] 攻击键 [shift]
[08:54:55] [08:54:55][决策] 角色: 屏幕(30,526)  小地图(6,58)
平台: platform_0  朝向: r  模式: 固定路线
途经点[1]: (117,64)  平台=platform_0  距离=(+110,+6)  回归=下跳
动作: 同平台向右步行
[08:54:55] [08:54:55][决策] 角色: 屏幕(30,526)  小地图(6,58)
平台: platform_0  朝向: r  模式: 固定路线
途经点[1]: (117,64)  平台=platform_0  距离=(+110,+6)  回归=下跳
动作: 同平台向右步行
[08:54:55] [08:54:55][决策] 角色: 屏幕(30,526)  小地图(6,58)
平台: platform_0  朝向: r  模式: 固定路线
途经点[1]: (117,64)  平台=platform_0  距离=(+110,+6)  回归=下跳
动作: 身前有怪（dx=19），用爆炸箭攻击
[08:54:55] [08:54:55] [按键] shift
[08:54:55] [08:54:55] [动作] 攻击键 [shift]
[08:54:56] [08:54:56][决策] 角色: 屏幕(35,508)  小地图(8,58)
平台: platform_0  朝向: r  模式: 固定路线
途经点[1]: (117,64)  平台=platform_0  距离=(+110,+6)  回归=下跳
动作: 同平台向右步行
[08:54:56] [08:54:56][决策] 角色: 屏幕(35,508)  小地图(8,58)
平台: platform_0  朝向: r  模式: 固定路线
途经点[1]: (117,64)  平台=platform_0  距离=(+110,+6)  回归=下跳
动作: 同平台向右步行
[08:54:56] [08:54:56][决策] 角色: 屏幕(56,508)  小地图(8,58)
平台: platform_0  朝向: r  模式: 固定路线
途经点[1]: (117,64)  平台=platform_0  距离=(+108,+6)  回归=下跳
动作: 同平台向右步行
[08:54:57] [08:54:57][决策] 角色: 屏幕(56,508)  小地图(10,58)
平台: 未知  朝向: r  模式: 固定路线
途经点[1]: (117,64)  平台=platform_0  距离=(+108,+6)  回归=下跳
动作: 同平台向右步行
[08:54:57] [08:54:57][决策] 角色: 屏幕(64,508)  小地图(10,58)
平台: platform_0  朝向: r  模式: 固定路线
途经点[1]: (117,64)  平台=platform_0  距离=(+108,+6)  回归=下跳
动作: 身后有怪（dx=-30），转身攻击
[08:54:57] [08:54:57] [按键] l
[08:54:57] [08:54:57] [动作] 原地转向 左
[08:54:57] [08:54:57] [动作] 攻击键 [shift]
[08:54:57] [08:54:57][决策] 角色: 屏幕(64,508)  小地图(12,58)
平台: platform_0  朝向: l  模式: 固定路线
途经点[1]: (117,64)  平台=platform_0  距离=(+106,+6)  回归=下跳
动作: 身前有怪（dx=-29），用爆炸箭攻击
[08:54:57] [08:54:57] [动作] 攻击键 [shift]
[08:54:58] [08:54:58][决策] 角色: 屏幕(105,517)  小地图(12,58)
平台: platform_0  朝向: l  模式: 固定路线
途经点[1]: (117,64)  平台=platform_0  距离=(+106,+6)  回归=下跳
动作: 身前有怪（dx=-70），用爆炸箭攻击
[08:54:58] [08:54:58] [动作] 攻击键 [shift]
[08:54:58] [08:54:58][决策] 角色: 屏幕(105,517)  小地图(12,58)
平台: platform_0  朝向: l  模式: 固定路线
途经点[1]: (117,64)  平台=platform_0  距离=(+106,+6)  回归=下跳
动作: 同平台向右步行
[08:54:58] [08:54:58][决策] 角色: 屏幕(130,508)  小地图(14,58)
平台: platform_0  朝向: l  模式: 固定路线
途经点[1]: (117,64)  平台=platform_0  距离=(+104,+6)  回归=下跳
动作: 同平台向右步行
[08:54:59] [08:54:59][决策] 角色: 屏幕(179,508)  小地图(16,58)
平台: platform_0  朝向: l  模式: 固定路线
途经点[1]: (117,64)  平台=platform_0  距离=(+100,+6)  回归=下跳
动作: 身前有怪（dx=-142），用爆炸箭攻击
[08:54:59] [08:54:59] [按键] shift
[08:54:59] [08:54:59] [动作] 攻击键 [shift]
[08:54:59] [08:54:59][决策] 角色: 屏幕(212,508)  小地图(18,58)
平台: platform_0  朝向: l  模式: 固定路线
途经点[1]: (117,64)  平台=platform_0  距离=(+98,+6)  回归=下跳
动作: 身后有怪（dx=83），转身攻击
[08:54:59] [08:54:59] [动作] 原地转向 右
[08:54:59] [08:54:59] [动作] 攻击键 [shift]
[08:54:59] [08:54:59][决策] 角色: 屏幕(212,508)  小地图(18,58)
平台: platform_0  朝向: r  模式: 固定路线
途经点[1]: (117,64)  平台=platform_0  距离=(+98,+6)  回归=下跳
动作: 身前有怪（dx=83），用爆炸箭攻击
[08:54:59] [08:54:59] [动作] 攻击键 [shift]
[08:55:00] [08:55:00][决策] 角色: 屏幕(212,508)  小地图(18,58)
平台: platform_0  朝向: r  模式: 固定路线
途经点[1]: (117,64)  平台=platform_0  距离=(+98,+6)  回归=下跳
动作: 同平台向右步行
[08:55:00] [08:55:00][决策] 角色: 屏幕(212,508)  小地图(18,58)
平台: platform_0  朝向: r  模式: 固定路线
途经点[1]: (117,64)  平台=platform_0  距离=(+98,+6)  回归=下跳
动作: 同平台向右步行
[08:55:00] [08:55:00][决策] 角色: 屏幕(233,508)  小地图(20,58)
平台: platform_0  朝向: r  模式: 固定路线
途经点[1]: (117,64)  平台=platform_0  距离=(+98,+6)  回归=下跳
动作: 同平台向右步行
[08:55:01] [08:55:01][决策] 角色: 屏幕(302,508)  小地图(24,58)
平台: platform_0  朝向: r  模式: 固定路线
途经点[1]: (117,64)  平台=platform_0  距离=(+94,+6)  回归=下跳
动作: 身后有怪（dx=-122），转身攻击
[08:55:01] [08:55:01] [按键] l
[08:55:01] [08:55:01] [动作] 原地转向 左
[08:55:01] [08:55:01] [动作] 攻击键 [shift]
[08:55:01] [08:55:01][决策] 角色: 屏幕(328,508)  小地图(26,58)
平台: platform_0  朝向: l  模式: 固定路线
途经点[1]: (117,64)  平台=platform_0  距离=(+92,+6)  回归=下跳
动作: 身前有怪（dx=-148），用爆炸箭攻击
[08:55:01] [08:55:01] [动作] 攻击键 [shift]
[08:55:02] [08:55:02] [1380] 绳梯诊断: 黄点有 pos=(26,58)  最近绳梯=x=112 y=[42,62] dist=86.5
[08:55:02] [08:55:02][决策] 角色: 屏幕(328,508)  小地图(26,58)
平台: platform_0  朝向: l  模式: 固定路线
途经点[1]: (117,64)  平台=platform_0  距离=(+92,+6)  回归=下跳
动作: 身前有怪（dx=-102），用爆炸箭攻击
[08:55:02] [08:55:02] [动作] 攻击键 [shift]
[08:55:02] [08:55:02][决策] 角色: 屏幕(328,508)  小地图(26,58)
平台: platform_0  朝向: l  模式: 固定路线
途经点[1]: (117,64)  平台=platform_0  距离=(+92,+6)  回归=下跳
动作: 同平台向右步行
[08:55:02] [08:55:02][决策] 角色: 屏幕(335,508)  小地图(26,58)
平台: platform_0  朝向: l  模式: 固定路线
途经点[1]: (117,64)  平台=platform_0  距离=(+92,+6)  回归=下跳
动作: 同平台向右步行
[08:55:03] [08:55:03][决策] 角色: 屏幕(384,508)  小地图(28,58)
平台: platform_0  朝向: l  模式: 固定路线
途经点[1]: (117,64)  平台=platform_0  距离=(+88,+6)  回归=下跳
动作: 同平台向右步行
[08:55:03] [08:55:03][决策] 角色: 屏幕(437,508)  小地图(34,58)
平台: platform_0  朝向: l  模式: 固定路线
途经点[1]: (117,64)  平台=platform_0  距离=(+84,+6)  回归=下跳
动作: 身后有怪（dx=125），转身攻击
[08:55:03] [08:55:03] [按键] r
[08:55:03] [08:55:03] [动作] 原地转向 右
[08:55:03] [08:55:03] [动作] 攻击键 [shift]
[08:55:03] [08:55:03][决策] 角色: 屏幕(473,511)  小地图(34,58)
平台: platform_0  朝向: r  模式: 固定路线
途经点[1]: (117,64)  平台=platform_0  距离=(+82,+6)  回归=下跳
动作: 身前有怪（dx=140），用爆炸箭攻击
[08:55:03] [08:55:03] [动作] 攻击键 [shift]
[08:55:04] [08:55:04][决策] 角色: 屏幕(476,513)  小地图(34,58)
平台: platform_0  朝向: r  模式: 固定路线
途经点[1]: (117,64)  平台=platform_0  距离=(+82,+6)  回归=下跳
动作: 身前有怪（dx=132），用爆炸箭攻击
[08:55:04] [08:55:04] [动作] 攻击键 [shift]
[08:55:04] [08:55:04][决策] 角色: 屏幕(476,513)  小地图(34,58)
平台: platform_0  朝向: r  模式: 固定路线
途经点[1]: (117,64)  平台=platform_0  距离=(+82,+6)  回归=下跳
动作: 身前有怪（dx=132），用爆炸箭攻击
[08:55:04] [08:55:04] [动作] 攻击键 [shift]
[08:55:04] [08:55:04][决策] 角色: 屏幕(476,513)  小地图(34,58)
平台: platform_0  朝向: r  模式: 固定路线
途经点[1]: (117,64)  平台=platform_0  距离=(+82,+6)  回归=下跳
动作: 同平台向右步行
[08:55:05] [08:55:05][决策] 角色: 屏幕(476,513)  小地图(34,58)
平台: platform_0  朝向: r  模式: 固定路线
途经点[1]: (117,64)  平台=platform_0  距离=(+82,+6)  回归=下跳
动作: 同平台向右步行
[08:55:05] [08:55:05][决策] 角色: 屏幕(506,533)  小地图(36,60)
平台: platform_0  朝向: r  模式: 固定路线
途经点[1]: (117,64)  平台=platform_0  距离=(+80,+4)  回归=下跳
动作: 同平台向右步行
[08:55:05] [08:55:05][决策] 角色: 屏幕(539,555)  小地图(38,62)
平台: platform_0  朝向: r  模式: 固定路线
途经点[1]: (117,64)  平台=platform_0  距离=(+78,+2)  回归=下跳
动作: 同平台向右步行
[08:55:06] [08:55:06][决策] 角色: 屏幕(591,568)  小地图(42,62)
平台: platform_0  朝向: r  模式: 固定路线
途经点[1]: (117,64)  平台=platform_0  距离=(+76,+2)  回归=下跳
动作: 身前有怪（dx=120），用爆炸箭攻击
[08:55:06] [08:55:06] [按键] shift
[08:55:06] [08:55:06] [动作] 攻击键 [shift]
[08:55:06] [08:55:06][决策] 角色: 屏幕(621,568)  小地图(44,62)
平台: platform_0  朝向: r  模式: 固定路线
途经点[1]: (117,64)  平台=platform_0  距离=(+74,+2)  回归=下跳
动作: 身前有怪（dx=84），用爆炸箭攻击
[08:55:06] [08:55:06] [动作] 攻击键 [shift]
[08:55:06] [08:55:06] [1440] 绳梯诊断: 黄点有 pos=(44,62)  最近绳梯=无匹配 dist=-
[08:55:06] [08:55:06][决策] 角色: 屏幕(621,568)  小地图(44,62)
平台: platform_0  朝向: r  模式: 固定路线
途经点[1]: (117,64)  平台=platform_0  距离=(+74,+2)  回归=下跳
动作: 身前有怪（dx=84），用爆炸箭攻击
[08:55:06] [08:55:06] [动作] 攻击键 [shift]
[08:55:07] [08:55:07] [按键] A
[08:55:07] [08:55:07] [动作] 释放技能 [A]
[08:55:07] [08:55:07] [Buff] 快速箭 释放 (键位:A, 间隔:105s)
[08:55:07] [08:55:07] [动作] 攻击键 [shift]
[08:55:07] [08:55:07][决策] 角色: 屏幕(621,568)  小地图(44,62)
平台: platform_0  朝向: r  模式: 固定路线
途经点[1]: (117,64)  平台=platform_0  距离=(+74,+2)  回归=下跳
动作: 同平台向右步行
[08:55:07] [08:55:07][决策] 角色: 屏幕(623,568)  小地图(44,62)
平台: platform_0  朝向: r  模式: 固定路线
途经点[1]: (117,64)  平台=platform_0  距离=(+72,+2)  回归=下跳
动作: 身后有怪（dx=-149），转身攻击
[08:55:07] [08:55:07] [动作] 原地转向 左
[08:55:07] [08:55:07] [动作] 攻击键 [shift]
[08:55:07] [08:55:07][决策] 角色: 屏幕(652,567)  小地图(46,62)
平台: platform_0  朝向: l  模式: 固定路线
途经点[1]: (117,64)  平台=platform_0  距离=(+72,+2)  回归=下跳
动作: 同平台向右步行
[08:55:08] [08:55:08][决策] 角色: 屏幕(652,567)  小地图(46,62)
平台: platform_0  朝向: l  模式: 固定路线
途经点[1]: (117,64)  平台=platform_0  距离=(+72,+2)  回归=下跳
动作: 身前有怪（dx=-109），用爆炸箭攻击
[08:55:08] [08:55:08] [按键] shift
[08:55:08] [08:55:08] [动作] 攻击键 [shift]
[08:55:08] [08:55:08][决策] 角色: 屏幕(652,567)  小地图(46,62)
平台: platform_0  朝向: l  模式: 固定路线
途经点[1]: (117,64)  平台=platform_0  距离=(+72,+2)  回归=下跳
动作: 同平台向右步行
[08:55:08] [08:55:08][决策] 角色: 屏幕(657,569)  小地图(46,62)
平台: platform_0  朝向: l  模式: 固定路线
途经点[1]: (117,64)  平台=platform_0  距离=(+70,+2)  回归=下跳
动作: 同平台向右步行
[08:55:09] [08:55:09][决策] 角色: 屏幕(711,566)  小地图(50,62)
平台: platform_0  朝向: l  模式: 固定路线
途经点[1]: (117,64)  平台=platform_0  距离=(+66,+2)  回归=下跳
动作: 身后有怪（dx=127），转身攻击
[08:55:09] [08:55:09] [按键] r
[08:55:09] [08:55:09] [动作] 原地转向 右
[08:55:09] [08:55:09] [动作] 攻击键 [shift]
[08:55:09] [08:55:09][决策] 角色: 屏幕(738,563)  小地图(52,62)
平台: platform_0  朝向: r  模式: 固定路线
途经点[1]: (117,64)  平台=platform_0  距离=(+66,+2)  回归=下跳
动作: 身前有怪（dx=100），用爆炸箭攻击
[08:55:09] [08:55:09] [动作] 攻击键 [shift]
[08:55:09] [08:55:09][决策] 角色: 屏幕(714,562)  小地图(52,62)
平台: platform_0  朝向: r  模式: 固定路线
途经点[1]: (117,64)  平台=platform_0  距离=(+66,+2)  回归=下跳
动作: 身前有怪（dx=91），用爆炸箭攻击
[08:55:09] [08:55:09] [动作] 攻击键 [shift]
[08:55:10] [08:55:10][决策] 角色: 屏幕(699,562)  小地图(52,62)
平台: platform_0  朝向: r  模式: 固定路线
途经点[1]: (117,64)  平台=platform_0  距离=(+66,+2)  回归=下跳
动作: 同平台向右步行
[08:55:10] [08:55:10][决策] 角色: 屏幕(700,560)  小地图(52,62)
平台: platform_0  朝向: r  模式: 固定路线
途经点[1]: (117,64)  平台=platform_0  距离=(+64,+2)  回归=下跳
动作: 同平台向右步行
[08:55:10] [08:55:10][决策] 角色: 屏幕(700,560)  小地图(56,62)
平台: platform_0  朝向: r  模式: 固定路线
途经点[1]: (117,64)  平台=platform_0  距离=(+62,+2)  回归=下跳
动作: 身前有怪（dx=70），用爆炸箭攻击
[08:55:10] [08:55:10] [按键] shift
[08:55:10] [08:55:10] [动作] 攻击键 [shift]
[08:55:11] [08:55:11][决策] 角色: 屏幕(729,557)  小地图(56,62)
平台: platform_0  朝向: r  模式: 固定路线
途经点[1]: (117,64)  平台=platform_0  距离=(+60,+2)  回归=下跳
动作: 身前有怪（dx=133），用爆炸箭攻击
[08:55:11] [08:55:11] [动作] 攻击键 [shift]
[08:55:11] [08:55:11][决策] 角色: 屏幕(729,557)  小地图(56,62)
平台: platform_0  朝向: r  模式: 固定路线
途经点[1]: (117,64)  平台=platform_0  距离=(+60,+2)  回归=下跳
动作: 身前有怪（dx=133），用爆炸箭攻击
[08:55:11] [08:55:11] [动作] 攻击键 [shift]
[08:55:11] [08:55:11][决策] 角色: 屏幕(698,557)  小地图(56,62)
平台: platform_0  朝向: r  模式: 固定路线
途经点[1]: (117,64)  平台=platform_0  距离=(+60,+2)  回归=下跳
动作: 身前有怪（dx=69），用爆炸箭攻击
[08:55:12] [08:55:12] [按键] shift
[08:55:12] [08:55:12] [动作] 攻击键 [shift]
[08:55:12] [08:55:12][决策] 角色: 屏幕(692,557)  小地图(56,62)
平台: platform_0  朝向: r  模式: 固定路线
途经点[1]: (117,64)  平台=platform_0  距离=(+60,+2)  回归=下跳
动作: 身前有怪（dx=75），用爆炸箭攻击
[08:55:12] [08:55:12] [动作] 攻击键 [shift]
[08:55:12] [08:55:12][决策] 角色: 屏幕(687,557)  小地图(56,62)
平台: platform_0  朝向: r  模式: 固定路线
途经点[1]: (117,64)  平台=platform_0  距离=(+60,+2)  回归=下跳
动作: 同平台向右步行
[08:55:13] [08:55:13][决策] 角色: 屏幕(681,557)  小地图(56,62)
平台: platform_0  朝向: r  模式: 固定路线
途经点[1]: (117,64)  平台=platform_0  距离=(+60,+2)  回归=下跳
动作: 身前有怪（dx=100），用爆炸箭攻击
[08:55:13] [08:55:13] [按键] shift
[08:55:13] [08:55:13] [动作] 攻击键 [shift]
[08:55:13] [08:55:13][决策] 角色: 屏幕(679,557)  小地图(56,62)
平台: platform_0  朝向: r  模式: 固定路线
途经点[1]: (117,64)  平台=platform_0  距离=(+60,+2)  回归=下跳
动作: 身前有怪（dx=102），用爆炸箭攻击
[08:55:13] [08:55:13] [动作] 攻击键 [shift]
[08:55:13] [08:55:13][决策] 角色: 屏幕(675,557)  小地图(56,62)
平台: platform_0  朝向: r  模式: 固定路线
途经点[1]: (117,64)  平台=platform_0  距离=(+60,+2)  回归=下跳
动作: 同平台向右步行
[08:55:13] [08:55:13][决策] 角色: 屏幕(676,557)  小地图(58,62)
平台: platform_0  朝向: r  模式: 固定路线
途经点[1]: (117,64)  平台=platform_0  距离=(+60,+2)  回归=下跳
动作: 同平台向右步行
[08:55:14] [08:55:14][决策] 角色: 屏幕(703,554)  小地图(60,62)
平台: platform_0  朝向: r  模式: 固定路线
途经点[1]: (117,64)  平台=platform_0  距离=(+56,+2)  回归=下跳
动作: 同平台向右步行
[08:55:14] [08:55:14][决策] 角色: 屏幕(744,554)  小地图(64,62)
平台: platform_0  朝向: r  模式: 固定路线
途经点[1]: (117,64)  平台=platform_0  距离=(+52,+2)  回归=下跳
动作: 身前有怪（dx=88），用爆炸箭攻击
[08:55:14] [08:55:14] [按键] shift
[08:55:14] [08:55:14] [动作] 攻击键 [shift]
[08:55:15] [08:55:15][决策] 角色: 屏幕(724,534)  小地图(64,60)
平台: platform_0  朝向: r  模式: 固定路线
途经点[1]: (117,64)  平台=platform_0  距离=(+52,+4)  回归=下跳
动作: 身前有怪（dx=108），用爆炸箭攻击
[08:55:15] [08:55:15] [动作] 攻击键 [shift]
[08:55:15] [08:55:15][决策] 角色: 屏幕(694,547)  小地图(62,62)
平台: platform_0  朝向: r  模式: 固定路线
途经点[1]: (117,64)  平台=platform_0  距离=(+54,+2)  回归=下跳
动作: 身前有怪（dx=33），用爆炸箭攻击
[08:55:15] [08:55:15] [动作] 攻击键 [shift]
[08:55:15] [08:55:15][决策] 角色: 屏幕(678,554)  小地图(62,62)
平台: platform_0  朝向: r  模式: 固定路线
途经点[1]: (117,64)  平台=platform_0  距离=(+54,+2)  回归=下跳
动作: 身前有怪（dx=49），用爆炸箭攻击
[08:55:15] [08:55:15] [动作] 攻击键 [shift]
[08:55:16] [08:55:16][决策] 角色: 屏幕(674,554)  小地图(62,62)
平台: platform_0  朝向: r  模式: 固定路线
途经点[1]: (117,64)  平台=platform_0  距离=(+54,+2)  回归=下跳
动作: 身前有怪（dx=47），用爆炸箭攻击
[08:55:16] [08:55:16] [按键] shift
[08:55:16] [08:55:16] [动作] 攻击键 [shift]
[08:55:16] [08:55:16][决策] 角色: 屏幕(674,554)  小地图(62,62)
平台: platform_0  朝向: r  模式: 固定路线
途经点[1]: (117,64)  平台=platform_0  距离=(+54,+2)  回归=下跳
动作: 同平台向右步行
[08:55:16] [08:55:16][决策] 角色: 屏幕(681,554)  小地图(64,62)
平台: platform_0  朝向: r  模式: 固定路线
途经点[1]: (117,64)  平台=platform_0  距离=(+54,+2)  回归=下跳
动作: 同平台向右步行
[08:55:17] [08:55:17][决策] 角色: 屏幕(719,552)  小地图(66,62)
平台: platform_0  朝向: r  模式: 固定路线
途经点[1]: (117,64)  平台=platform_0  距离=(+50,+2)  回归=下跳
动作: 身前有怪（dx=104），用爆炸箭攻击
[08:55:17] [08:55:17] [按键] shift
[08:55:17] [08:55:17] [动作] 攻击键 [shift]
[08:55:17] [08:55:17][决策] 角色: 屏幕(718,538)  小地图(64,60)
平台: platform_0  朝向: r  模式: 固定路线
途经点[1]: (117,64)  平台=platform_0  距离=(+52,+4)  回归=下跳
动作: 身前有怪（dx=13），用爆炸箭攻击
[08:55:17] [08:55:17] [动作] 攻击键 [shift]
[08:55:17] [08:55:17][决策] 角色: 屏幕(718,538)  小地图(64,62)
平台: platform_0  朝向: r  模式: 固定路线
途经点[1]: (117,64)  平台=platform_0  距离=(+54,+2)  回归=下跳
动作: 身前有怪（dx=13），用爆炸箭攻击
[08:55:17] [08:55:17] [动作] 攻击键 [shift]
[08:55:18] [08:55:18][决策] 角色: 屏幕(654,554)  小地图(64,62)
平台: platform_0  朝向: r  模式: 固定路线
途经点[1]: (117,64)  平台=platform_0  距离=(+54,+2)  回归=下跳
动作: 身前有怪（dx=78），用爆炸箭攻击
[08:55:18] [08:55:18] [按键] shift
[08:55:18] [08:55:18] [动作] 攻击键 [shift]
[08:55:18] [08:55:18][决策] 角色: 屏幕(654,554)  小地图(64,62)
平台: platform_0  朝向: r  模式: 固定路线
途经点[1]: (117,64)  平台=platform_0  距离=(+54,+2)  回归=下跳
动作: 身前有怪（dx=78），用爆炸箭攻击
[08:55:18] [08:55:18] [动作] 攻击键 [shift]
[08:55:18] [08:55:18][决策] 角色: 屏幕(654,554)  小地图(64,62)
平台: platform_0  朝向: r  模式: 固定路线
途经点[1]: (117,64)  平台=platform_0  距离=(+54,+2)  回归=下跳
动作: 同平台向右步行
[08:55:19] [08:55:19][决策] 角色: 屏幕(655,554)  小地图(64,62)
平台: platform_0  朝向: r  模式: 固定路线
途经点[1]: (117,64)  平台=platform_0  距离=(+54,+2)  回归=下跳
动作: 同平台向右步行
[08:55:19] [08:55:19][决策] 角色: 屏幕(684,553)  小地图(66,62)
平台: platform_0  朝向: r  模式: 固定路线
途经点[1]: (117,64)  平台=platform_0  距离=(+50,+2)  回归=下跳
动作: 同平台向右步行
[08:55:19] [08:55:19][决策] 角色: 屏幕(735,551)  小地图(70,62)
平台: platform_0  朝向: r  模式: 固定路线
途经点[1]: (117,64)  平台=platform_0  距离=(+46,+2)  回归=下跳
动作: 同平台向右步行
[08:55:20] [08:55:20][决策] 角色: 屏幕(746,552)  小地图(72,62)
平台: platform_0  朝向: r  模式: 固定路线
途经点[1]: (117,64)  平台=platform_0  距离=(+44,+2)  回归=下跳
动作: 同平台向右步行
[08:55:20] [08:55:20] [1620] 绳梯诊断: 黄点有 pos=(76,62)  最近绳梯=x=112 y=[42,62] dist=35.5
[08:55:20] [08:55:20][决策] 角色: 屏幕(755,558)  小地图(76,62)
平台: platform_0  朝向: r  模式: 固定路线
途经点[1]: (117,64)  平台=platform_0  距离=(+40,+2)  回归=下跳
动作: 身前有怪（dx=71），用爆炸箭攻击
[08:55:20] [08:55:20] [按键] shift
[08:55:20] [08:55:20] [动作] 攻击键 [shift]
[08:55:20] [08:55:20][决策] 角色: 屏幕(750,562)  小地图(78,62)
平台: platform_0  朝向: r  模式: 固定路线
途经点[1]: (117,64)  平台=platform_0  距离=(+40,+2)  回归=下跳
动作: 身前有怪（dx=76），用爆炸箭攻击
[08:55:20] [08:55:20] [动作] 攻击键 [shift]
[08:55:21] [08:55:21][决策] 角色: 屏幕(726,562)  小地图(78,62)
平台: platform_0  朝向: r  模式: 固定路线
途经点[1]: (117,64)  平台=platform_0  距离=(+40,+2)  回归=下跳
动作: 同平台向右步行
[08:55:21] [08:55:21][决策] 角色: 屏幕(726,562)  小地图(80,62)
平台: platform_0  朝向: r  模式: 固定路线
途经点[1]: (117,64)  平台=platform_0  距离=(+38,+2)  回归=下跳
动作: 同平台向右步行
[08:55:21] [08:55:21][决策] 角色: 屏幕(739,562)  小地图(82,62)
平台: platform_0  朝向: r  模式: 固定路线
途经点[1]: (117,64)  平台=platform_0  距离=(+36,+2)  回归=下跳
动作: 同平台向右步行
[08:55:22] [08:55:22][决策] 角色: 屏幕(751,562)  小地图(84,62)
平台: platform_0  朝向: r  模式: 固定路线
途经点[1]: (117,64)  平台=platform_0  距离=(+32,+2)  回归=下跳
动作: 同平台向右步行
[08:55:22] [08:55:22][决策] 角色: 屏幕(772,561)  小地图(88,62)
平台: platform_0  朝向: r  模式: 固定路线
途经点[1]: (117,64)  平台=platform_0  距离=(+30,+2)  回归=下跳
动作: 同平台向右步行
[08:55:22] [08:55:22][决策] 角色: 屏幕(822,561)  小地图(90,62)
平台: platform_0  朝向: r  模式: 固定路线
途经点[1]: (117,64)  平台=platform_0  距离=(+26,+2)  回归=下跳
动作: 同平台向右步行
[08:55:23] [08:55:23][决策] 角色: 屏幕(886,561)  小地图(94,62)
平台: platform_0  朝向: r  模式: 固定路线
途经点[1]: (117,64)  平台=platform_0  距离=(+22,+2)  回归=下跳
动作: 同平台向右步行
[08:55:23] [08:55:23][决策] 角色: 屏幕(917,561)  小地图(96,62)
平台: platform_0  朝向: r  模式: 固定路线
途经点[1]: (117,64)  平台=platform_0  距离=(+20,+2)  回归=下跳
动作: 身前有怪（dx=125），用爆炸箭攻击
[08:55:23] [08:55:23] [按键] shift
[08:55:23] [08:55:23] [动作] 攻击键 [shift]
[08:55:24] [08:55:24][决策] 角色: 屏幕(951,563)  小地图(98,62)
平台: platform_0  朝向: r  模式: 固定路线
途经点[1]: (117,64)  平台=platform_0  距离=(+18,+2)  回归=下跳
动作: 身前有怪（dx=98），用爆炸箭攻击
[08:55:24] [08:55:24] [动作] 攻击键 [shift]
[08:55:24] [08:55:24][决策] 角色: 屏幕(952,563)  小地图(98,62)
平台: platform_0  朝向: r  模式: 固定路线
途经点[1]: (117,64)  平台=platform_0  距离=(+18,+2)  回归=下跳
动作: 身前有怪（dx=97），用爆炸箭攻击
[08:55:24] [08:55:24] [动作] 攻击键 [shift]
[08:55:24] [08:55:24][决策] 角色: 屏幕(952,563)  小地图(98,62)
平台: platform_0  朝向: r  模式: 固定路线
途经点[1]: (117,64)  平台=platform_0  距离=(+18,+2)  回归=下跳
动作: 同平台向右步行
[08:55:25] [08:55:25][决策] 角色: 屏幕(913,562)  小地图(100,62)
平台: platform_0  朝向: r  模式: 固定路线
途经点[1]: (117,64)  平台=platform_0  距离=(+16,+2)  回归=下跳
动作: 同平台向右步行
[08:55:25] [08:55:25][决策] 角色: 屏幕(1006,568)  小地图(102,62)
平台: platform_0  朝向: r  模式: 固定路线
途经点[1]: (117,64)  平台=platform_0  距离=(+14,+2)  回归=下跳
动作: 身前有怪（dx=114），用爆炸箭攻击
[08:55:25] [08:55:25] [按键] shift
[08:55:25] [08:55:25] [动作] 攻击键 [shift]
[08:55:25] [08:55:25][决策] 角色: 屏幕(998,553)  小地图(100,62)
平台: platform_0  朝向: r  模式: 固定路线
途经点[1]: (117,64)  平台=platform_0  距离=(+16,+2)  回归=下跳
动作: 身前有怪（dx=90），用爆炸箭攻击
[08:55:25] [08:55:25] [动作] 攻击键 [shift]
[08:55:25] [08:55:25][决策] 角色: 屏幕(998,553)  小地图(100,62)
平台: platform_0  朝向: r  模式: 固定路线
途经点[1]: (117,64)  平台=platform_0  距离=(+18,+2)  回归=下跳
动作: 身前有怪（dx=90），用爆炸箭攻击
[08:55:26] [08:55:26] [动作] 攻击键 [shift]
[08:55:26] [08:55:26][决策] 角色: 屏幕(939,563)  小地图(100,62)
平台: platform_0  朝向: r  模式: 固定路线
途经点[1]: (117,64)  平台=platform_0  距离=(+18,+2)  回归=下跳
动作: 身前有怪（dx=88），用爆炸箭攻击
[08:55:26] [08:55:26] [按键] shift
[08:55:26] [08:55:26] [动作] 攻击键 [shift]
[08:55:26] [08:55:26][决策] 角色: 屏幕(976,567)  小地图(100,62)
平台: platform_0  朝向: r  模式: 固定路线
途经点[1]: (117,64)  平台=platform_0  距离=(+18,+2)  回归=下跳
动作: 身前有怪（dx=109），用爆炸箭攻击
[08:55:26] [08:55:26] [动作] 攻击键 [shift]
[08:55:27] [08:55:27][决策] 角色: 屏幕(976,567)  小地图(100,62)
平台: platform_0  朝向: r  模式: 固定路线
途经点[1]: (117,64)  平台=platform_0  距离=(+18,+2)  回归=下跳
动作: 身前有怪（dx=109），用爆炸箭攻击
[08:55:27] [08:55:27] [动作] 攻击键 [shift]
[08:55:27] [08:55:27][决策] 角色: 屏幕(1057,568)  小地图(104,62)
平台: platform_0  朝向: r  模式: 固定路线
途经点[1]: (117,64)  平台=platform_0  距离=(+12,+2)  回归=下跳
动作: 身前有怪（dx=20），用爆炸箭攻击
[08:55:27] [08:55:27] [按键] shift
[08:55:27] [08:55:27] [动作] 攻击键 [shift]
[08:55:27] [08:55:27][决策] 角色: 屏幕(1064,568)  小地图(106,62)
平台: platform_0  朝向: r  模式: 固定路线
途经点[1]: (117,64)  平台=platform_0  距离=(+12,+2)  回归=下跳
动作: 身前有怪（dx=13），用爆炸箭攻击
[08:55:27] [08:55:27] [动作] 攻击键 [shift]
[08:55:28] [08:55:28][决策] 角色: 屏幕(1064,568)  小地图(106,62)
平台: platform_0  朝向: r  模式: 固定路线
途经点[1]: (117,64)  平台=platform_0  距离=(+12,+2)  回归=下跳
动作: 身后有怪（dx=-61），转身攻击
[08:55:28] [08:55:28] [动作] 原地转向 左
[08:55:28] [08:55:28] [动作] 攻击键 [shift]
[08:55:28] [08:55:28][决策] 角色: 屏幕(1064,568)  小地图(106,62)
平台: platform_0  朝向: l  模式: 固定路线
途经点[1]: (117,64)  平台=platform_0  距离=(+12,+2)  回归=下跳
动作: 身前有怪（dx=-109），用爆炸箭攻击
[08:55:28] [08:55:28] [按键] shift
[08:55:28] [08:55:28] [动作] 攻击键 [shift]
[08:55:28] [08:55:28][决策] 角色: 屏幕(1064,568)  小地图(106,62)
平台: platform_0  朝向: l  模式: 固定路线
途经点[1]: (117,64)  平台=platform_0  距离=(+12,+2)  回归=下跳
动作: 身前有怪（dx=-109），用爆炸箭攻击
[08:55:28] [08:55:28] [动作] 攻击键 [shift]
[08:55:29] [08:55:29][决策] 角色: 屏幕(1064,568)  小地图(106,62)
平台: platform_0  朝向: l  模式: 固定路线
途经点[1]: (117,64)  平台=platform_0  距离=(+12,+2)  回归=下跳
动作: 身前有怪（dx=-129），用爆炸箭攻击
[08:55:29] [08:55:29] [动作] 攻击键 [shift]
[08:55:29] [08:55:29] [1740] 绳梯诊断: 黄点有 pos=(106,62)  最近绳梯=无匹配 dist=-
[08:55:29] [08:55:29][决策] 角色: 屏幕(1064,568)  小地图(106,62)
平台: platform_0  朝向: l  模式: 固定路线
途经点[1]: (117,64)  平台=platform_0  距离=(+12,+2)  回归=下跳
动作: 身前有怪（dx=-94），用爆炸箭攻击
[08:55:29] [08:55:29] [按键] shift
[08:55:29] [08:55:29] [动作] 攻击键 [shift]
[08:55:29] [08:55:29][决策] 角色: 屏幕(1064,568)  小地图(106,62)
平台: platform_0  朝向: l  模式: 固定路线
途经点[1]: (117,64)  平台=platform_0  距离=(+12,+2)  回归=下跳
动作: 身前有怪（dx=-94），用爆炸箭攻击
[08:55:29] [08:55:29] [动作] 攻击键 [shift]
[08:55:30] [08:55:30][决策] 角色: 屏幕(1111,550)  小地图(110,62)
平台: platform_0  朝向: l  模式: 固定路线
途经点[1]: (117,64)  平台=platform_0  距离=(+8,+2)  回归=下跳
动作: 身前有怪（dx=-108），用爆炸箭攻击
[08:55:30] [08:55:30] [动作] 攻击键 [shift]
[08:55:30] [08:55:30][决策] 角色: 屏幕(1152,568)  小地图(110,62)
平台: platform_0  朝向: l  模式: 固定路线
途经点[1]: (117,64)  平台=platform_0  距离=(+6,+2)  回归=下跳
动作: 身前有怪（dx=-112），用爆炸箭攻击
[08:55:30] [08:55:30] [按键] shift
[08:55:30] [08:55:30] [动作] 攻击键 [shift]
[08:55:30] [08:55:30][决策] 角色: 屏幕(1152,568)  小地图(110,62)
平台: platform_0  朝向: l  模式: 固定路线
途经点[1]: (117,64)  平台=platform_0  距离=(+6,+2)  回归=下跳
动作: 身前有怪（dx=-112），用爆炸箭攻击
[08:55:30] [08:55:30] [动作] 攻击键 [shift]
[08:55:31] [08:55:31][决策] 角色: 屏幕(1152,568)  小地图(110,62)
平台: platform_0  朝向: l  模式: 固定路线
途经点[1]: (117,64)  平台=platform_0  距离=(+6,+2)  回归=下跳
动作: 身前有怪（dx=-149），用爆炸箭攻击
[08:55:31] [08:55:31] [动作] 攻击键 [shift]
[08:55:31] [08:55:31][决策] 角色: 屏幕(1185,549)  小地图(114,62)
平台: platform_0  朝向: l  模式: 固定路线
途经点[1]: (117,64)  平台=platform_0  距离=(+4,+2)  回归=下跳
动作: 身前有怪（dx=-95），用爆炸箭攻击
[08:55:31] [08:55:31] [按键] shift
[08:55:31] [08:55:31] [动作] 攻击键 [shift]
[08:55:31] [08:55:31][决策] 角色: 屏幕(1237,568)  小地图(116,62)
平台: platform_0  朝向: l  模式: 固定路线
途经点[1]: (117,64)  平台=platform_0  距离=(+0,+2)  回归=下跳
动作: 身前有怪（dx=-147），用爆炸箭攻击
[08:55:32] [08:55:32] [动作] 攻击键 [shift]
[08:55:32] [08:55:32][决策] 角色: 屏幕(1240,568)  小地图(116,62)
平台: platform_0  朝向: l  模式: 固定路线
途经点[1]: (117,64)  平台=platform_0  距离=(+0,+2)  回归=下跳
动作: 身前有怪（dx=-118），用爆炸箭攻击
[08:55:32] [08:55:32] [动作] 攻击键 [shift]
[08:55:32] [08:55:32][决策] 角色: 屏幕(1240,568)  小地图(116,62)
平台: platform_0  朝向: l  模式: 固定路线
途经点[1]: (117,64)  平台=platform_0  距离=(+0,+2)  回归=下跳
动作: 身前有怪（dx=-118），用爆炸箭攻击
[08:55:32] [08:55:32] [动作] 攻击键 [shift]
[08:55:33] [08:55:33][决策] 角色: 屏幕(1240,568)  小地图(116,62)
平台: platform_0  朝向: l  模式: 固定路线
途经点[1]: (117,64)  平台=platform_0  距离=(+0,+2)  回归=下跳
动作: 身前有怪（dx=-146），用爆炸箭攻击
[08:55:33] [08:55:33] [按键] shift
[08:55:33] [08:55:33] [动作] 攻击键 [shift]
[08:55:33] [08:55:33][决策] 角色: 屏幕(1240,568)  小地图(116,62)
平台: platform_0  朝向: l  模式: 固定路线
途经点[1]: (117,64)  平台=platform_0  距离=(+0,+2)  回归=下跳
动作: 身前有怪（dx=-146），用爆炸箭攻击
[08:55:33] [08:55:33] [动作] 攻击键 [shift]
[08:55:33] [08:55:33][决策] 角色: 屏幕(1240,568)  小地图(116,62)
平台: platform_0  朝向: l  模式: 固定路线
途经点[1]: (117,64)  平台=platform_0  距离=(+0,+2)  回归=下跳
动作: 身前有怪（dx=-73），用爆炸箭攻击
[08:55:33] [08:55:33] [动作] 攻击键 [shift]
[08:55:34] [08:55:34][决策] 角色: 屏幕(1240,568)  小地图(116,62)
平台: platform_0  朝向: l  模式: 固定路线
途经点[1]: (117,64)  平台=platform_0  距离=(+0,+2)  回归=下跳
动作: 身前有怪（dx=-8），用爆炸箭攻击
[08:55:34] [08:55:34] [按键] shift
[08:55:34] [08:55:34] [动作] 攻击键 [shift]
[08:55:34] [08:55:34] [1800] 绳梯诊断: 黄点有 pos=(116,62)  最近绳梯=无匹配 dist=-
[08:55:34] [08:55:34][决策] 角色: 屏幕(1243,567)  小地图(116,62)
平台: platform_0  朝向: l  模式: 固定路线
途经点[1]: (117,64)  平台=platform_0  距离=(+0,+2)  回归=下跳
动作: 身前有怪（dx=-11），用爆炸箭攻击
[08:55:34] [08:55:34] [动作] 攻击键 [shift]
[08:55:34] [08:55:34][决策] 角色: 屏幕(1243,567)  小地图(116,62)
平台: platform_0  朝向: l  模式: 固定路线
途经点[1]: (117,64)  平台=platform_0  距离=(+0,+2)  回归=下跳
动作: 身前有怪（dx=-92），用爆炸箭攻击
[08:55:34] [08:55:34] [动作] 攻击键 [shift]
[08:55:35] [08:55:35][决策] 角色: 屏幕(1243,567)  小地图(116,62)
平台: platform_0  朝向: l  模式: 固定路线
途经点[1]: (117,64)  平台=platform_0  距离=(+0,+2)  回归=下跳
动作: 身前有怪（dx=-92），用爆炸箭攻击
[08:55:35] [08:55:35] [动作] 攻击键 [shift]
[08:55:35] [08:55:35][决策] 角色: 屏幕(1243,567)  小地图(116,62)
平台: platform_0  朝向: l  模式: 固定路线
途经点[1]: (117,64)  平台=platform_0  距离=(+0,+2)  回归=下跳
动作: 身前有怪（dx=-68），用爆炸箭攻击
[08:55:35] [08:55:35] [按键] shift
[08:55:35] [08:55:35] [动作] 攻击键 [shift]
[08:55:35] [08:55:35][决策] 角色: 屏幕(1243,567)  小地图(116,62)
平台: platform_0  朝向: l  模式: 固定路线
途经点[1]: (117,64)  平台=platform_0  距离=(+0,+2)  回归=下跳
动作: 身前有怪（dx=-99），用爆炸箭攻击
[08:55:35] [08:55:35] [动作] 攻击键 [shift]
[08:55:36] [08:55:36][决策] 角色: 屏幕(1243,567)  小地图(116,62)
平台: platform_0  朝向: l  模式: 固定路线
途经点[1]: (117,64)  平台=platform_0  距离=(+0,+2)  回归=下跳
动作: 身前有怪（dx=-99），用爆炸箭攻击
[08:55:36] [08:55:36] [动作] 攻击键 [shift]
[08:55:36] [08:55:36][决策] 角色: 屏幕(1220,553)  小地图(114,62)
平台: platform_0  朝向: l  模式: 固定路线
途经点[1]: (117,64)  平台=platform_0  距离=(+4,+2)  回归=下跳
动作: 身前有怪（dx=-38），用爆炸箭攻击
[08:55:36] [08:55:36] [按键] shift
[08:55:36] [08:55:36] [动作] 攻击键 [shift]
[08:55:36] [08:55:36][决策] 角色: 屏幕(1158,568)  小地图(112,62)
平台: platform_0  朝向: l  模式: 固定路线
途经点[1]: (117,64)  平台=platform_0  距离=(+6,+2)  回归=下跳
动作: 身前有怪（dx=-101），用爆炸箭攻击
[08:55:36] [08:55:36] [动作] 攻击键 [shift]
[08:55:37] [08:55:37][决策] 角色: 屏幕(1151,568)  小地图(110,62)
平台: platform_0  朝向: l  模式: 固定路线
途经点[1]: (117,64)  平台=platform_0  距离=(+6,+2)  回归=下跳
动作: 身前有怪（dx=-149），用爆炸箭攻击
[08:55:37] [08:55:37] [动作] 攻击键 [shift]
[08:55:37] [08:55:37][决策] 角色: 屏幕(1151,568)  小地图(110,62)
平台: platform_0  朝向: l  模式: 固定路线
途经点[1]: (117,64)  平台=platform_0  距离=(+6,+2)  回归=下跳
动作: 身前有怪（dx=-80），用爆炸箭攻击
[08:55:37] [08:55:37] [动作] 攻击键 [shift]
[08:55:37] [08:55:37][决策] 角色: 屏幕(1151,568)  小地图(110,62)
平台: platform_0  朝向: l  模式: 固定路线
途经点[1]: (117,64)  平台=platform_0  距离=(+6,+2)  回归=下跳
动作: 身前有怪（dx=-80），用爆炸箭攻击
[08:55:37] [08:55:37] [按键] shift
[08:55:37] [08:55:37] [动作] 攻击键 [shift]
[08:55:38] [08:55:38][决策] 角色: 屏幕(1179,550)  小地图(114,62)
平台: platform_0  朝向: l  模式: 固定路线
途经点[1]: (117,64)  平台=platform_0  距离=(+2,+2)  回归=下跳
动作: 身前有怪（dx=-45），用爆炸箭攻击
[08:55:38] [08:55:38] [动作] 攻击键 [shift]
[08:55:38] [08:55:38][决策] 角色: 屏幕(1179,550)  小地图(116,62)
平台: platform_0  朝向: l  模式: 固定路线
途经点[1]: (117,64)  平台=platform_0  距离=(+0,+2)  回归=下跳
动作: 身前有怪（dx=-45），用爆炸箭攻击
[08:55:38] [08:55:38] [动作] 攻击键 [shift]
[08:55:38] [08:55:38][决策] 角色: 屏幕(1241,567)  小地图(116,62)
平台: platform_0  朝向: l  模式: 固定路线
途经点[1]: (117,64)  平台=platform_0  距离=(+0,+2)  回归=下跳
动作: 身前有怪（dx=-92），用爆炸箭攻击
[08:55:38] [08:55:38] [按键] shift
[08:55:38] [08:55:38] [动作] 攻击键 [shift]
[08:55:39] [08:55:39] [1860] 绳梯诊断: 黄点有 pos=(116,62)  最近绳梯=无匹配 dist=-
[08:55:39] [08:55:39][决策] 角色: 屏幕(1241,567)  小地图(116,62)
平台: platform_0  朝向: l  模式: 固定路线
途经点[1]: (117,64)  平台=platform_0  距离=(+0,+2)  回归=下跳
动作: 身前有怪（dx=-92），用爆炸箭攻击
[08:55:39] [08:55:39] [动作] 攻击键 [shift]
[08:55:39] [08:55:39][决策] 角色: 屏幕(1241,567)  小地图(118,62)
平台: platform_0  朝向: l  模式: 固定路线
途经点[1]: (117,64)  平台=platform_0  距离=(-2,+2)  回归=下跳
动作: 身前有怪（dx=-88），用爆炸箭攻击
[08:55:39] [08:55:39] [动作] 攻击键 [shift]
[08:55:39] [08:55:39][决策] 角色: 屏幕(1241,567)  小地图(118,62)
平台: platform_0  朝向: l  模式: 固定路线
途经点[1]: (117,64)  平台=platform_0  距离=(-2,+2)  回归=下跳
动作: 身前有怪（dx=-88），用爆炸箭攻击
[08:55:39] [08:55:39] [动作] 攻击键 [shift]
[08:55:40] [08:55:40][决策] 角色: 屏幕(1273,567)  小地图(118,62)
平台: platform_0  朝向: l  模式: 固定路线
途经点[1]: (117,64)  平台=platform_0  距离=(-2,+2)  回归=下跳
动作: 身前有怪（dx=-82），用爆炸箭攻击
[08:55:40] [08:55:40] [按键] shift
[08:55:40] [08:55:40] [动作] 攻击键 [shift]
[08:55:40] [08:55:40][决策] 角色: 屏幕(1273,567)  小地图(118,62)
平台: platform_0  朝向: l  模式: 固定路线
途经点[1]: (117,64)  平台=platform_0  距离=(-2,+2)  回归=下跳
动作: 身前有怪（dx=-150），用爆炸箭攻击
[08:55:40] [08:55:40] [动作] 攻击键 [shift]
[08:55:40] [08:55:40][决策] 角色: 屏幕(1273,567)  小地图(118,62)
平台: platform_0  朝向: l  模式: 固定路线
途经点[1]: (117,64)  平台=platform_0  距离=(-2,+2)  回归=下跳
动作: 身前有怪（dx=-150），用爆炸箭攻击
[08:55:40] [08:55:40] [动作] 攻击键 [shift]
[08:55:41] [08:55:41][决策] 角色: 屏幕(1273,567)  小地图(118,62)
平台: platform_0  朝向: l  模式: 固定路线
途经点[1]: (117,64)  平台=platform_0  距离=(-2,+2)  回归=下跳
动作: 身前有怪（dx=-23），用爆炸箭攻击
[08:55:41] [08:55:41] [按键] shift
[08:55:41] [08:55:41] [动作] 攻击键 [shift]
[08:55:41] [08:55:41][决策] 角色: 屏幕(1273,567)  小地图(118,62)
平台: platform_0  朝向: l  模式: 固定路线
途经点[1]: (117,64)  平台=platform_0  距离=(-2,+2)  回归=下跳
动作: 身前有怪（dx=-23），用爆炸箭攻击
[08:55:41] [08:55:41] [动作] 攻击键 [shift]
[08:55:41] [08:55:41][决策] 角色: 屏幕(1273,567)  小地图(118,62)
平台: platform_0  朝向: l  模式: 固定路线
途经点[1]: (117,64)  平台=platform_0  距离=(-2,+2)  回归=下跳
动作: 身前有怪（dx=-100），用爆炸箭攻击
[08:55:41] [08:55:41] [动作] 攻击键 [shift]
[08:55:42] [08:55:42][决策] 角色: 屏幕(1273,567)  小地图(118,62)
平台: platform_0  朝向: l  模式: 固定路线
途经点[1]: (117,64)  平台=platform_0  距离=(-2,+2)  回归=下跳
动作: 身前有怪（dx=-100），用爆炸箭攻击
[08:55:42] [08:55:42] [动作] 攻击键 [shift]
[08:55:42] [08:55:42][决策] 角色: 屏幕(1273,567)  小地图(118,62)
平台: platform_0  朝向: l  模式: 固定路线
途经点[1]: (117,64)  平台=platform_0  距离=(-2,+2)  回归=下跳
动作: 身前有怪（dx=-57），用爆炸箭攻击
[08:55:42] [08:55:42] [按键] shift
[08:55:42] [08:55:42] [动作] 攻击键 [shift]
[08:55:42] [08:55:42][决策] 角色: 屏幕(1273,556)  小地图(118,62)
平台: platform_0  朝向: l  模式: 固定路线
途经点[1]: (117,64)  平台=platform_0  距离=(-2,+2)  回归=下跳
动作: 身前有怪（dx=-99），用爆炸箭攻击
[08:55:42] [08:55:42] [动作] 攻击键 [shift]
[08:55:43] [08:55:43][决策] 角色: 屏幕(1273,556)  小地图(118,62)
平台: platform_0  朝向: l  模式: 固定路线
途经点[1]: (117,64)  平台=platform_0  距离=(-2,+2)  回归=下跳
动作: 身前有怪（dx=-99），用爆炸箭攻击
[08:55:43] [08:55:43] [动作] 攻击键 [shift]
[08:55:43] [08:55:43][决策] 角色: 屏幕(1273,567)  小地图(118,62)
平台: platform_0  朝向: l  模式: 固定路线
途经点[1]: (117,64)  平台=platform_0  距离=(-2,+2)  回归=下跳
动作: 身前有怪（dx=-102），用爆炸箭攻击
[08:55:43] [08:55:43] [动作] 攻击键 [shift]
[08:55:43] [08:55:43][决策] 角色: 屏幕(1273,567)  小地图(118,62)
平台: platform_0  朝向: l  模式: 固定路线
途经点[1]: (117,64)  平台=platform_0  距离=(-2,+2)  回归=下跳
动作: 身前有怪（dx=-110），用爆炸箭攻击
[08:55:43] [08:55:43] [按键] shift
[08:55:43] [08:55:43] [动作] 攻击键 [shift]
[08:55:44] [08:55:44][决策] 角色: 屏幕(1192,567)  小地图(112,62)
平台: platform_0  朝向: l  模式: 固定路线
途经点[1]: (117,64)  平台=platform_0  距离=(+4,+2)  回归=下跳
动作: 身前有怪（dx=-29），用爆炸箭攻击
[08:55:44] [08:55:44] [动作] 攻击键 [shift]
[08:55:44] [08:55:44][决策] 角色: 屏幕(1175,568)  小地图(112,62)
平台: platform_0  朝向: l  模式: 固定路线
途经点[1]: (117,64)  平台=platform_0  距离=(+4,+2)  回归=下跳
动作: 身前有怪（dx=-26），用爆炸箭攻击
[08:55:44] [08:55:44] [动作] 攻击键 [shift]
[08:55:44] [08:55:44][决策] 角色: 屏幕(1175,568)  小地图(112,62)
平台: platform_0  朝向: l  模式: 固定路线
途经点[1]: (117,64)  平台=platform_0  距离=(+4,+2)  回归=下跳
动作: 身前有怪（dx=-26），用爆炸箭攻击
[08:55:44] [08:55:44] [动作] 攻击键 [shift]
[08:55:45] [08:55:45][决策] 角色: 屏幕(1175,568)  小地图(112,62)
平台: platform_0  朝向: l  模式: 固定路线
途经点[1]: (117,64)  平台=platform_0  距离=(+4,+2)  回归=下跳
动作: 身后有怪（dx=61），转身攻击
[08:55:45] [08:55:45] [按键] r
[08:55:45] [08:55:45] [动作] 原地转向 右
[08:55:45] [08:55:45] [动作] 攻击键 [shift]
[08:55:45] [08:55:45][决策] 角色: 屏幕(1143,549)  小地图(110,62)
平台: platform_0  朝向: r  模式: 固定路线
途经点[1]: (117,64)  平台=platform_0  距离=(+8,+2)  回归=下跳
动作: 身前有怪（dx=107），用爆炸箭攻击
[08:55:45] [08:55:45] [动作] 攻击键 [shift]
[08:55:45] [08:55:45][决策] 角色: 屏幕(1086,568)  小地图(106,62)
平台: platform_0  朝向: r  模式: 固定路线
途经点[1]: (117,64)  平台=platform_0  距离=(+10,+2)  回归=下跳
动作: 身前有怪（dx=91），用爆炸箭攻击
[08:55:45] [08:55:45] [动作] 攻击键 [shift]
[08:55:46] [08:55:46][决策] 角色: 屏幕(1085,568)  小地图(106,62)
平台: platform_0  朝向: r  模式: 固定路线
途经点[1]: (117,64)  平台=platform_0  距离=(+10,+2)  回归=下跳
动作: 身前有怪（dx=32），用爆炸箭攻击
[08:55:46] [08:55:46] [按键] shift
[08:55:46] [08:55:46] [动作] 攻击键 [shift]
[08:55:46] [08:55:46][决策] 角色: 屏幕(1085,568)  小地图(106,62)
平台: platform_0  朝向: r  模式: 固定路线
途经点[1]: (117,64)  平台=platform_0  距离=(+10,+2)  回归=下跳
动作: 身前有怪（dx=32），用爆炸箭攻击
[08:55:46] [08:55:46] [动作] 攻击键 [shift]
[08:55:46] [08:55:46][决策] 角色: 屏幕(1085,568)  小地图(106,62)
平台: platform_0  朝向: r  模式: 固定路线
途经点[1]: (117,64)  平台=platform_0  距离=(+10,+2)  回归=下跳
动作: 身前有怪（dx=90），用爆炸箭攻击
[08:55:46] [08:55:46] [动作] 攻击键 [shift]
[08:55:47] [08:55:47][决策] 角色: 屏幕(1032,553)  小地图(104,62)
平台: platform_0  朝向: r  模式: 固定路线
途经点[1]: (117,64)  平台=platform_0  距离=(+14,+2)  回归=下跳
动作: 身前有怪（dx=143），用爆炸箭攻击
[08:55:47] [08:55:47] [动作] 攻击键 [shift]
[08:55:47] [08:55:47][决策] 角色: 屏幕(996,568)  小地图(102,62)
平台: platform_0  朝向: r  模式: 固定路线
途经点[1]: (117,64)  平台=platform_0  距离=(+16,+2)  回归=下跳
动作: 身前有怪（dx=90），用爆炸箭攻击
[08:55:47] [08:55:47] [按键] shift
[08:55:47] [08:55:47] [动作] 攻击键 [shift]
[08:55:47] [08:55:47][决策] 角色: 屏幕(996,568)  小地图(102,62)
平台: platform_0  朝向: r  模式: 固定路线
途经点[1]: (117,64)  平台=platform_0  距离=(+16,+2)  回归=下跳
动作: 身前有怪（dx=90），用爆炸箭攻击
[08:55:47] [08:55:47] [动作] 攻击键 [shift]
[08:55:48] [08:55:48][决策] 角色: 屏幕(996,568)  小地图(102,62)
平台: platform_0  朝向: r  模式: 固定路线
途经点[1]: (117,64)  平台=platform_0  距离=(+16,+2)  回归=下跳
动作: 身前有怪（dx=86），用爆炸箭攻击
[08:55:48] [08:55:48] [动作] 攻击键 [shift]
[08:55:48] [08:55:48] [1980] 绳梯诊断: 黄点有 pos=(102,62)  最近绳梯=无匹配 dist=-
[08:55:48] [08:55:48][决策] 角色: 屏幕(996,568)  小地图(102,62)
平台: platform_0  朝向: r  模式: 固定路线
途经点[1]: (117,64)  平台=platform_0  距离=(+16,+2)  回归=下跳
动作: 身前有怪（dx=111），用爆炸箭攻击
[08:55:48] [08:55:48] [按键] shift
[08:55:48] [08:55:48] [动作] 攻击键 [shift]
[08:55:48] [08:55:48][决策] 角色: 屏幕(996,568)  小地图(102,62)
平台: platform_0  朝向: r  模式: 固定路线
途经点[1]: (117,64)  平台=platform_0  距离=(+16,+2)  回归=下跳
动作: 身前有怪（dx=111），用爆炸箭攻击
[08:55:48] [08:55:48] [动作] 攻击键 [shift]
[08:55:49] [08:55:49][决策] 角色: 屏幕(996,568)  小地图(102,62)
平台: platform_0  朝向: r  模式: 固定路线
途经点[1]: (117,64)  平台=platform_0  距离=(+16,+2)  回归=下跳
动作: 身前有怪（dx=100），用爆炸箭攻击
[08:55:49] [08:55:49] [动作] 攻击键 [shift]
[08:55:49] [08:55:49][决策] 角色: 屏幕(996,568)  小地图(102,62)
平台: platform_0  朝向: r  模式: 固定路线
途经点[1]: (117,64)  平台=platform_0  距离=(+16,+2)  回归=下跳
动作: 身前有怪（dx=100），用爆炸箭攻击
[08:55:49] [08:55:49] [动作] 攻击键 [shift]
[08:55:49] [08:55:49][决策] 角色: 屏幕(996,568)  小地图(102,62)
平台: platform_0  朝向: r  模式: 固定路线
途经点[1]: (117,64)  平台=platform_0  距离=(+16,+2)  回归=下跳
动作: 身前有怪（dx=95），用爆炸箭攻击
[08:55:49] [08:55:49] [按键] shift
[08:55:49] [08:55:49] [动作] 攻击键 [shift]
[08:55:50] [08:55:50][决策] 角色: 屏幕(921,561)  小地图(96,62)
平台: platform_0  朝向: r  模式: 固定路线
途经点[1]: (117,64)  平台=platform_0  距离=(+20,+2)  回归=下跳
动作: 身后有怪（dx=-44），转身攻击
[08:55:50] [08:55:50] [动作] 原地转向 左
[08:55:50] [08:55:50] [动作] 攻击键 [shift]
[08:55:50] [08:55:50][决策] 角色: 屏幕(911,561)  小地图(96,62)
平台: platform_0  朝向: l  模式: 固定路线
途经点[1]: (117,64)  平台=platform_0  距离=(+22,+2)  回归=下跳
动作: 身前有怪（dx=-34），用爆炸箭攻击
[08:55:50] [08:55:50] [动作] 攻击键 [shift]
[08:55:50] [08:55:50][决策] 角色: 屏幕(911,561)  小地图(96,62)
平台: platform_0  朝向: l  模式: 固定路线
途经点[1]: (117,64)  平台=platform_0  距离=(+22,+2)  回归=下跳
动作: 身后有怪（dx=112），转身攻击
[08:55:50] [08:55:50] [按键] r
[08:55:50] [08:55:50] [动作] 原地转向 右
[08:55:51] [08:55:51] [动作] 攻击键 [shift]
[08:55:51] [08:55:51][决策] 角色: 屏幕(911,561)  小地图(96,62)
平台: platform_0  朝向: r  模式: 固定路线
途经点[1]: (117,64)  平台=platform_0  距离=(+22,+2)  回归=下跳
动作: 身前有怪（dx=112），用爆炸箭攻击
[08:55:51] [08:55:51] [动作] 攻击键 [shift]
[08:55:51] [08:55:51][决策] 角色: 屏幕(873,542)  小地图(94,60)
平台: platform_0  朝向: r  模式: 固定路线
途经点[1]: (117,64)  平台=platform_0  距离=(+24,+4)  回归=下跳
动作: 身前有怪（dx=126），用爆炸箭攻击
[08:55:51] [08:55:51] [动作] 攻击键 [shift]
[08:55:51] [08:55:51][决策] 角色: 屏幕(821,561)  小地图(90,62)
平台: platform_0  朝向: r  模式: 固定路线
途经点[1]: (117,64)  平台=platform_0  距离=(+26,+2)  回归=下跳
动作: 身前有怪（dx=98），用爆炸箭攻击
[08:55:51] [08:55:51] [按键] shift
[08:55:52] [08:55:52] [动作] 攻击键 [shift]
[08:55:52] [08:55:52][决策] 角色: 屏幕(821,561)  小地图(90,62)
平台: platform_0  朝向: r  模式: 固定路线
途经点[1]: (117,64)  平台=platform_0  距离=(+26,+2)  回归=下跳
动作: 身前有怪（dx=98），用爆炸箭攻击
[08:55:52] [08:55:52] [动作] 攻击键 [shift]
[08:55:52] [08:55:52][决策] 角色: 屏幕(821,561)  小地图(90,62)
平台: platform_0  朝向: r  模式: 固定路线
途经点[1]: (117,64)  平台=platform_0  距离=(+26,+2)  回归=下跳
动作: 身前有怪（dx=66），用爆炸箭攻击
[08:55:52] [08:55:52] [动作] 攻击键 [shift]
[08:55:52] [08:55:52][决策] 角色: 屏幕(821,561)  小地图(90,62)
平台: platform_0  朝向: r  模式: 固定路线
途经点[1]: (117,64)  平台=platform_0  距离=(+26,+2)  回归=下跳
动作: 身前有怪（dx=33），用爆炸箭攻击
[08:55:53] [08:55:53] [动作] 攻击键 [shift]
[08:55:53] [08:55:53][决策] 角色: 屏幕(821,561)  小地图(90,62)
平台: platform_0  朝向: r  模式: 固定路线
途经点[1]: (117,64)  平台=platform_0  距离=(+26,+2)  回归=下跳
动作: 身前有怪（dx=33），用爆炸箭攻击
[08:55:53] [08:55:53] [按键] shift
[08:55:53] [08:55:53] [动作] 攻击键 [shift]
[08:55:53] [08:55:53] [2040] 绳梯诊断: 黄点有 pos=(90,62)  最近绳梯=x=112 y=[42,62] dist=21.5
[08:55:53] [08:55:53][决策] 角色: 屏幕(821,561)  小地图(90,62)
平台: platform_0  朝向: r  模式: 固定路线
途经点[1]: (117,64)  平台=platform_0  距离=(+26,+2)  回归=下跳
动作: 身后有怪（dx=-0），转身攻击
[08:55:53] [08:55:53] [动作] 原地转向 左
[08:55:53] [08:55:53] [动作] 攻击键 [shift]
[08:55:53] [08:55:53][决策] 角色: 屏幕(821,561)  小地图(90,62)
平台: platform_0  朝向: l  模式: 固定路线
途经点[1]: (117,64)  平台=platform_0  距离=(+26,+2)  回归=下跳
动作: 身前有怪（dx=-0），用爆炸箭攻击
[08:55:53] [08:55:53] [动作] 攻击键 [shift]
[08:55:54] [08:55:54][决策] 角色: 屏幕(821,561)  小地图(90,62)
平台: platform_0  朝向: l  模式: 固定路线
途经点[1]: (117,64)  平台=platform_0  距离=(+26,+2)  回归=下跳
动作: 同平台向右步行
[08:55:54] [08:55:54][决策] 角色: 屏幕(821,561)  小地图(90,62)
平台: platform_0  朝向: l  模式: 固定路线
途经点[1]: (117,64)  平台=platform_0  距离=(+26,+2)  回归=下跳
动作: 同平台向右步行
[08:55:54] [08:55:54][决策] 角色: 屏幕(854,561)  小地图(92,62)
平台: platform_0  朝向: l  模式: 固定路线
途经点[1]: (117,64)  平台=platform_0  距离=(+24,+2)  回归=下跳
动作: 同平台向右步行
[08:55:55] [08:55:55][决策] 角色: 屏幕(854,561)  小地图(96,62)
平台: platform_0  朝向: l  模式: 固定路线
途经点[1]: (117,64)  平台=platform_0  距离=(+20,+2)  回归=下跳
动作: 同平台向右步行
[08:55:55] [08:55:55][决策] 角色: 屏幕(949,563)  小地图(98,62)
平台: platform_0  朝向: l  模式: 固定路线
途经点[1]: (117,64)  平台=platform_0  距离=(+18,+2)  回归=下跳
动作: 身后有怪（dx=96），转身攻击
[08:55:55] [08:55:55] [按键] r
[08:55:55] [08:55:55] [动作] 原地转向 右
[08:55:55] [08:55:55] [动作] 攻击键 [shift]
[08:55:55] [08:55:55][决策] 角色: 屏幕(955,550)  小地图(98,62)
平台: platform_0  朝向: r  模式: 固定路线
途经点[1]: (117,64)  平台=platform_0  距离=(+18,+2)  回归=下跳
动作: 同平台向右步行
[08:55:56] [08:55:56][决策] 角色: 屏幕(939,561)  小地图(98,62)
平台: platform_0  朝向: r  模式: 固定路线
途经点[1]: (117,64)  平台=platform_0  距离=(+20,+2)  回归=下跳
动作: 身前有怪（dx=55），用爆炸箭攻击
[08:55:56] [08:55:56] [动作] 攻击键 [shift]
[08:55:56] [08:55:56][决策] 角色: 屏幕(939,561)  小地图(98,62)
平台: platform_0  朝向: r  模式: 固定路线
途经点[1]: (117,64)  平台=platform_0  距离=(+20,+2)  回归=下跳
动作: 身前有怪（dx=55），用爆炸箭攻击
[08:55:56] [08:55:56] [按键] shift
[08:55:56] [08:55:56] [动作] 攻击键 [shift]
[08:55:57] [08:55:57][决策] 角色: 屏幕(939,561)  小地图(98,62)
平台: platform_0  朝向: r  模式: 固定路线
途经点[1]: (117,64)  平台=platform_0  距离=(+20,+2)  回归=下跳
动作: 身前有怪（dx=84），用爆炸箭攻击
[08:55:57] [08:55:57] [动作] 攻击键 [shift]
[08:55:57] [08:55:57][决策] 角色: 屏幕(939,561)  小地图(98,62)
平台: platform_0  朝向: r  模式: 固定路线
途经点[1]: (117,64)  平台=platform_0  距离=(+20,+2)  回归=下跳
动作: 身前有怪（dx=84），用爆炸箭攻击
[08:55:57] [08:55:57] [动作] 攻击键 [shift]
[08:55:57] [08:55:57][决策] 角色: 屏幕(939,561)  小地图(98,62)
平台: platform_0  朝向: r  模式: 固定路线
途经点[1]: (117,64)  平台=platform_0  距离=(+20,+2)  回归=下跳
动作: 同平台向右步行
[08:55:57] [08:55:57][决策] 角色: 屏幕(945,562)  小地图(98,62)
平台: platform_0  朝向: r  模式: 固定路线
途经点[1]: (117,64)  平台=platform_0  距离=(+18,+2)  回归=下跳
动作: 同平台向右步行
[08:55:58] [08:55:58][决策] 角色: 屏幕(999,568)  小地图(102,62)
平台: platform_0  朝向: r  模式: 固定路线
途经点[1]: (117,64)  平台=platform_0  距离=(+16,+2)  回归=下跳
动作: 同平台向右步行
[08:55:58] [08:55:58][决策] 角色: 屏幕(1049,568)  小地图(104,62)
平台: platform_0  朝向: r  模式: 固定路线
途经点[1]: (117,64)  平台=platform_0  距离=(+12,+2)  回归=下跳
动作: 同平台向右步行
[08:55:59] [08:55:59][决策] 角色: 屏幕(1103,568)  小地图(108,62)
平台: platform_0  朝向: r  模式: 固定路线
途经点[1]: (117,64)  平台=platform_0  距离=(+8,+2)  回归=下跳
动作: 身前有怪（dx=144），用爆炸箭攻击
[08:55:59] [08:55:59] [按键] shift
[08:55:59] [08:55:59] [动作] 攻击键 [shift]
[08:55:59] [08:55:59][决策] 角色: 屏幕(1135,568)  小地图(110,62)
平台: platform_0  朝向: r  模式: 固定路线
途经点[1]: (117,64)  平台=platform_0  距离=(+8,+2)  回归=下跳
动作: 身前有怪（dx=112），用爆炸箭攻击
[08:55:59] [08:55:59] [动作] 攻击键 [shift]
[08:55:59] [08:55:59][决策] 角色: 屏幕(1136,568)  小地图(110,62)
平台: platform_0  朝向: r  模式: 固定路线
途经点[1]: (117,64)  平台=platform_0  距离=(+8,+2)  回归=下跳
动作: 身前有怪（dx=114），用爆炸箭攻击
[08:55:59] [08:55:59] [动作] 攻击键 [shift]
[08:56:00] [08:56:00][决策] 角色: 屏幕(1136,568)  小地图(110,62)
平台: platform_0  朝向: r  模式: 固定路线
途经点[1]: (117,64)  平台=platform_0  距离=(+8,+2)  回归=下跳
动作: 身前有怪（dx=114），用爆炸箭攻击
[08:56:00] [08:56:00] [动作] 攻击键 [shift]
[08:56:00] [08:56:00][决策] 角色: 屏幕(1136,568)  小地图(110,62)
平台: platform_0  朝向: r  模式: 固定路线
途经点[1]: (117,64)  平台=platform_0  距离=(+8,+2)  回归=下跳
动作: 到达途经点1，前往2
[08:56:00] [08:56:00][决策] 角色: 屏幕(1136,568)  小地图(110,62)
平台: platform_0  朝向: r  模式: 固定路线
途经点[2]: (112,52)  平台=未知  距离=(+2,-10)  回归=下跳
动作: 到达途经点2，前往3
[08:56:01] [08:56:01][决策] 角色: 屏幕(1136,568)  小地图(110,62)
平台: platform_0  朝向: r  模式: 固定路线
途经点[3]: (113,41)  平台=platform_1  距离=(+4,-22)  回归=下跳
动作: 身前有怪（dx=110），用爆炸箭攻击
[08:56:01] [08:56:01] [按键] shift
[08:56:01] [08:56:01] [动作] 攻击键 [shift]
[08:56:01] [08:56:01][决策] 角色: 屏幕(1136,568)  小地图(110,62)
平台: platform_0  朝向: r  模式: 固定路线
途经点[3]: (113,41)  平台=platform_1  距离=(+4,-22)  回归=下跳
动作: 身前有怪（dx=113），用爆炸箭攻击
[08:56:01] [08:56:01] [动作] 攻击键 [shift]
[08:56:01] [08:56:01][决策] 角色: 屏幕(1136,568)  小地图(110,62)
平台: platform_0  朝向: r  模式: 固定路线
途经点[3]: (113,41)  平台=platform_1  距离=(+4,-22)  回归=下跳
动作: 身前有怪（dx=113），用爆炸箭攻击
[08:56:01] [08:56:01] [动作] 攻击键 [shift]
[08:56:02] [08:56:02][决策] 角色: 屏幕(1136,568)  小地图(110,62)
平台: platform_0  朝向: r  模式: 固定路线
途经点[3]: (113,41)  平台=platform_1  距离=(+4,-22)  回归=下跳
动作: 身前有怪（dx=117），用爆炸箭攻击
[08:56:02] [08:56:02] [动作] 攻击键 [shift]
[08:56:02] [08:56:02][决策] 角色: 屏幕(1136,568)  小地图(110,62)
平台: platform_0  朝向: r  模式: 固定路线
途经点[3]: (113,41)  平台=platform_1  距离=(+4,-22)  回归=下跳
动作: 身前有怪（dx=123），用爆炸箭攻击
[08:56:02] [08:56:02] [按键] shift
[08:56:02] [08:56:02] [动作] 攻击键 [shift]
[08:56:02] [08:56:02][决策] 角色: 屏幕(1136,568)  小地图(110,62)
平台: platform_0  朝向: r  模式: 固定路线
途经点[3]: (113,41)  平台=platform_1  距离=(+4,-22)  回归=下跳
动作: 身前有怪（dx=123），用爆炸箭攻击
[08:56:02] [08:56:02] [动作] 攻击键 [shift]
[08:56:03] [08:56:03] [爬梯] 创建: dir=up rope_x=112 target_y=42 dep_y=62
[08:56:03] [08:56:03][决策] 角色: 屏幕(1136,568)  小地图(110,62)
平台: platform_0  朝向: r  模式: 固定路线
途经点[3]: (113,41)  平台=platform_1  距离=(+4,-22)  回归=下跳
动作: 跨平台 绳梯 → platform_1
[08:56:03] [08:56:03] [爬梯] turn: dx=2 facing=r matched → skip to move
[08:56:03] [08:56:03] [爬梯] move: at_position dx=2 → settle
[08:56:03] [08:56:03] [爬梯] move→mount jump_up(r)
[08:56:03] [08:56:03] [动作] 上跳 右
[08:56:04] [08:56:04] [2187] 检测到角色在绳梯上 (x=112, y=56)
[08:56:04] [08:56:04] [动作] 按↑ 爬升
[08:56:04] [08:56:04] [爬梯] mount→climb
[08:56:04] [08:56:04] [动作] 按↑ 爬升
[08:56:04] [08:56:04] [动作] 按↑ 爬升
[08:56:04] [08:56:04] [动作] 按↑ 爬升
[08:56:04] [08:56:04] [动作] 按↑ 爬升
[08:56:04] [08:56:04] [动作] 按↑ 爬升
[08:56:04] [08:56:04] [动作] 按↑ 爬升
[08:56:04] [08:56:04] [动作] 按↑ 爬升
[08:56:04] [08:56:04] [动作] 按↑ 爬升
[08:56:04] [08:56:04] [动作] 按↑ 爬升
[08:56:04] [08:56:04] [动作] 按↑ 爬升
[08:56:04] [08:56:04] [动作] 按↑ 爬升
[08:56:04] [08:56:04] [动作] 按↑ 爬升
[08:56:05] [08:56:05] [动作] 按↑ 爬升
[08:56:05] [08:56:05] [动作] 按↑ 爬升
[08:56:05] [08:56:05] [动作] 按↑ 爬升
[08:56:05] [08:56:05] [动作] 按↑ 爬升
[08:56:05] [08:56:05] [动作] 按↑ 爬升
[08:56:05] [08:56:05] [动作] 按↑ 爬升
[08:56:05] [08:56:05] [动作] 按↑ 爬升
[08:56:05] [08:56:05] [动作] 按↑ 爬升
[08:56:05] [08:56:05] [动作] 按↑ 爬升
[08:56:05] [08:56:05] [动作] 按↑ 爬升
[08:56:05] [08:56:05] [动作] 按↑ 爬升
[08:56:05] [08:56:05] [动作] 按↑ 爬升
[08:56:05] [08:56:05] [动作] 按↑ 爬升
[08:56:05] [08:56:05] [动作] 按↑ 爬升
[08:56:05] [08:56:05] [动作] 按↑ 爬升
[08:56:05] [08:56:05] [动作] 按↑ 爬升
[08:56:06] [08:56:06] [动作] 按↑ 爬升
[08:56:06] [08:56:06] [2219] 角色离开绳梯
[08:56:06] [08:56:06] [动作] 按↑ 爬升
[08:56:06] [08:56:06] [动作] 按↑ 爬升
[08:56:06] [08:56:06] [动作] 按↑ 爬升
[08:56:06] [08:56:06] [爬梯] climb: reached top py=42 target=42
[08:56:06] [08:56:06] [动作] 按↑ 爬升
[08:56:06] [08:56:06] [动作] 按↑ 爬升
[08:56:06] [08:56:06] [动作] 按↑ 爬升
[08:56:06] [08:56:06] [动作] 按↑ 爬升
[08:56:06] [08:56:06] [动作] 按↑ 爬升
[08:56:06] [08:56:06] [动作] 按↑ 爬升
[08:56:06] [08:56:06] [动作] 按↑ 爬升
[08:56:06] [08:56:06] [动作] 按↑ 爬升
[08:56:06] [08:56:06] [动作] 按↑ 爬升
[08:56:06] [08:56:06] [爬梯] climb→finish
[08:56:07] [08:56:07] 到达目标平台，附近无怪，无需重置朝向
[08:56:07] [08:56:07][决策] 角色: 屏幕(1175,272)  小地图(112,40)
平台: platform_1  朝向: r  模式: 固定路线
途经点[3]: (113,41)  平台=platform_1  距离=(+0,+2)  回归=下跳
动作: 到达途经点3，前往4
[08:56:07] [08:56:07][决策] 角色: 屏幕(1175,272)  小地图(112,40)
平台: platform_1  朝向: r  模式: 固定路线
途经点[4]: (106,30)  平台=未知  距离=(-6,-10)  回归=下跳
动作: 到达途经点4，前往5
[08:56:08] [08:56:08] [爬梯] 创建: dir=up rope_x=106 target_y=21 dep_y=41
[08:56:08] [08:56:08][决策] 角色: 屏幕(1175,272)  小地图(112,40)
平台: platform_1  朝向: r  模式: 固定路线
途经点[5]: (118,19)  平台=platform_5  距离=(+6,-20)  回归=下跳
动作: 跨平台 绳梯 → platform_5
[08:56:08] [08:56:08] [爬梯] turn: dx=-6 facing=r → tap l
[08:56:08] [08:56:08] [按键] l
[08:56:08] [08:56:08] [爬梯] turn→move
[08:56:08] [08:56:08] [爬梯] move: dx=-6 → walk l
[08:56:08] [08:56:08] [爬梯] move: at_position dx=-4 → settle
[08:56:09] [08:56:09] [爬梯] move→mount jump_up(l)
[08:56:09] [08:56:09] [动作] 上跳 左
[08:56:09] [08:56:09] [2279] 检测到角色在绳梯上 (x=106, y=34)
[08:56:10] [08:56:10] [动作] 按↑ 爬升
[08:56:10] [08:56:10] [爬梯] mount→climb
[08:56:10] [08:56:10] [动作] 按↑ 爬升
[08:56:10] [08:56:10] [动作] 按↑ 爬升
[08:56:10] [08:56:10] [动作] 按↑ 爬升
[08:56:10] [08:56:10] [动作] 按↑ 爬升
[08:56:10] [08:56:10] [动作] 按↑ 爬升
[08:56:10] [08:56:10] [动作] 按↑ 爬升
[08:56:10] [08:56:10] [动作] 按↑ 爬升
[08:56:10] [08:56:10] [动作] 按↑ 爬升
[08:56:10] [08:56:10] [动作] 按↑ 爬升
[08:56:10] [08:56:10] [动作] 按↑ 爬升
[08:56:10] [08:56:10] [动作] 按↑ 爬升
[08:56:10] [08:56:10] [动作] 按↑ 爬升
[08:56:10] [08:56:10] [动作] 按↑ 爬升
[08:56:10] [08:56:10] [动作] 按↑ 爬升
[08:56:10] [08:56:10] [动作] 按↑ 爬升
[08:56:10] [08:56:10] [动作] 按↑ 爬升
[08:56:10] [08:56:10] [动作] 按↑ 爬升
[08:56:11] [08:56:11] [动作] 按↑ 爬升
[08:56:11] [08:56:11] [动作] 按↑ 爬升
[08:56:11] [08:56:11] [动作] 按↑ 爬升
[08:56:11] [08:56:11] [2305] 角色离开绳梯
[08:56:11] [08:56:11] [动作] 按↑ 爬升
[08:56:11] [08:56:11] [动作] 按↑ 爬升
[08:56:11] [08:56:11] [动作] 按↑ 爬升
[08:56:11] [08:56:11] [动作] 按↑ 爬升
[08:56:11] [08:56:11] [动作] 按↑ 爬升
[08:56:11] [08:56:11] [动作] 按↑ 爬升
[08:56:11] [08:56:11] [动作] 按↑ 爬升
[08:56:11] [08:56:11] [动作] 按↑ 爬升
[08:56:11] [08:56:11] [动作] 按↑ 爬升
[08:56:11] [08:56:11] [爬梯] climb: reached top py=20 target=21
[08:56:11] [08:56:11] [动作] 按↑ 爬升
[08:56:11] [08:56:11] [动作] 按↑ 爬升
[08:56:11] [08:56:11] [动作] 按↑ 爬升
[08:56:12] [08:56:12] [动作] 按↑ 爬升
[08:56:12] [08:56:12] [动作] 按↑ 爬升
[08:56:12] [08:56:12] [动作] 按↑ 爬升
[08:56:12] [08:56:12] [动作] 按↑ 爬升
[08:56:12] [08:56:12] [动作] 按↑ 爬升
[08:56:12] [08:56:12] [动作] 按↑ 爬升
[08:56:12] [08:56:12] [动作] 按↑ 爬升
[08:56:12] [08:56:12] [爬梯] climb→finish
[08:56:12] [08:56:12] 发现近身怪物，中断上梯优先清怪
[08:56:12] [08:56:12] 近身怪物，中断爬梯
[08:56:12] [08:56:12][决策] 角色: 屏幕(1084,333)  小地图(106,18)
平台: platform_5  朝向: l  模式: 固定路线
途经点[5]: (118,19)  平台=platform_5  距离=(+12,+0)  回归=下跳
动作: 身后有怪（dx=123），转身攻击
[08:56:12] [08:56:12] [按键] r
[08:56:12] [08:56:12] [动作] 原地转向 右
[08:56:12] [08:56:12] [动作] 攻击键 [shift]
[08:56:13] [08:56:13][决策] 角色: 屏幕(1084,333)  小地图(106,18)
平台: platform_5  朝向: r  模式: 固定路线
途经点[5]: (118,19)  平台=platform_5  距离=(+12,+0)  回归=下跳
动作: 身前有怪（dx=123），用爆炸箭攻击
[08:56:13] [08:56:13] [动作] 攻击键 [shift]
[08:56:13] [08:56:13][决策] 角色: 屏幕(1084,333)  小地图(106,18)
平台: platform_5  朝向: r  模式: 固定路线
途经点[5]: (118,19)  平台=platform_5  距离=(+12,+0)  回归=下跳
动作: 身前有怪（dx=125），用爆炸箭攻击
[08:56:13] [08:56:13] [动作] 攻击键 [shift]
[08:56:13] [08:56:13][决策] 角色: 屏幕(1084,333)  小地图(106,18)
平台: platform_5  朝向: r  模式: 固定路线
途经点[5]: (118,19)  平台=platform_5  距离=(+12,+0)  回归=下跳
动作: 身前有怪（dx=125），用爆炸箭攻击
[08:56:13] [08:56:13] [按键] shift
[08:56:13] [08:56:13] [动作] 攻击键 [shift]
[08:56:14] [08:56:14][决策] 角色: 屏幕(1084,333)  小地图(106,18)
平台: platform_5  朝向: r  模式: 固定路线
途经点[5]: (118,19)  平台=platform_5  距离=(+12,+0)  回归=下跳
动作: 身后有怪（dx=-81），转身攻击
[08:56:14] [08:56:14] [动作] 原地转向 左
[08:56:14] [08:56:14] [动作] 攻击键 [shift]
[08:56:14] [08:56:14][决策] 角色: 屏幕(1084,333)  小地图(106,18)
平台: platform_5  朝向: l  模式: 固定路线
途经点[5]: (118,19)  平台=platform_5  距离=(+12,+0)  回归=下跳
动作: 身前有怪（dx=-81），用爆炸箭攻击
[08:56:14] [08:56:14] [动作] 攻击键 [shift]
[08:56:14] [08:56:14][决策] 角色: 屏幕(1084,333)  小地图(106,18)
平台: platform_5  朝向: l  模式: 固定路线
途经点[5]: (118,19)  平台=platform_5  距离=(+12,+0)  回归=下跳
动作: 身前有怪（dx=-48），用爆炸箭攻击
[08:56:14] [08:56:14] [按键] shift
[08:56:14] [08:56:14] [动作] 攻击键 [shift]
[08:56:15] [08:56:15][决策] 角色: 屏幕(1084,333)  小地图(106,18)
平台: platform_5  朝向: l  模式: 固定路线
途经点[5]: (118,19)  平台=platform_5  距离=(+12,+0)  回归=下跳
动作: 身前有怪（dx=-48），用爆炸箭攻击
[08:56:15] [08:56:15] [动作] 攻击键 [shift]
[08:56:15] [08:56:15][决策] 角色: 屏幕(1086,393)  小地图(106,18)
平台: platform_5  朝向: l  模式: 固定路线
途经点[5]: (118,19)  平台=platform_5  距离=(+12,+0)  回归=下跳
动作: 身前有怪（dx=-54），用爆炸箭攻击
[08:56:15] [08:56:15] [动作] 攻击键 [shift]
[08:56:15] [08:56:15][决策] 角色: 屏幕(1086,393)  小地图(106,18)
平台: platform_5  朝向: l  模式: 固定路线
途经点[5]: (118,19)  平台=platform_5  距离=(+12,+0)  回归=下跳
动作: 身前有怪（dx=-54），用爆炸箭攻击
[08:56:15] [08:56:15] [动作] 攻击键 [shift]
[08:56:16] [08:56:16][决策] 角色: 屏幕(1086,393)  小地图(106,18)
平台: platform_5  朝向: l  模式: 固定路线
途经点[5]: (118,19)  平台=platform_5  距离=(+12,+0)  回归=下跳
动作: 同平台向右步行
[08:56:16] [08:56:16][决策] 角色: 屏幕(1086,393)  小地图(106,18)
平台: platform_5  朝向: l  模式: 固定路线
途经点[5]: (118,19)  平台=platform_5  距离=(+12,+0)  回归=下跳
动作: 同平台向右步行
[08:56:16] [08:56:16][决策] 角色: 屏幕(1093,391)  小地图(108,18)
平台: platform_5  朝向: l  模式: 固定路线
途经点[5]: (118,19)  平台=platform_5  距离=(+10,+0)  回归=下跳
动作: 身前有怪（dx=-32），用爆炸箭攻击
[08:56:16] [08:56:16] [按键] shift
[08:56:16] [08:56:16] [动作] 攻击键 [shift]
[08:56:17] [08:56:17][决策] 角色: 屏幕(1125,387)  小地图(110,18)
平台: platform_5  朝向: l  模式: 固定路线
途经点[5]: (118,19)  平台=platform_5  距离=(+8,+0)  回归=下跳
动作: 身前有怪（dx=-37），用爆炸箭攻击
[08:56:17] [08:56:17] [动作] 攻击键 [shift]
[08:56:17] [08:56:17][决策] 角色: 屏幕(1125,388)  小地图(110,18)
平台: platform_5  朝向: l  模式: 固定路线
途经点[5]: (118,19)  平台=platform_5  距离=(+8,+0)  回归=下跳
动作: 身前有怪（dx=-37），用爆炸箭攻击
[08:56:17] [08:56:17] [动作] 攻击键 [shift]
[08:56:17] [08:56:17][决策] 角色: 屏幕(1125,388)  小地图(110,18)
平台: platform_5  朝向: l  模式: 固定路线
途经点[5]: (118,19)  平台=platform_5  距离=(+8,+0)  回归=下跳
动作: 身后有怪（dx=59），转身攻击
[08:56:17] [08:56:17] [按键] r
[08:56:17] [08:56:17] [动作] 原地转向 右
[08:56:17] [08:56:17] [动作] 攻击键 [shift]
[08:56:18] [08:56:18][决策] 角色: 屏幕(1127,387)  小地图(110,18)
平台: platform_5  朝向: r  模式: 固定路线
途经点[5]: (118,19)  平台=platform_5  距离=(+8,+0)  回归=下跳
动作: 身前有怪（dx=124），用爆炸箭攻击
[08:56:18] [08:56:18] [动作] 攻击键 [shift]
[08:56:18] [08:56:18][决策] 角色: 屏幕(1127,387)  小地图(110,18)
平台: platform_5  朝向: r  模式: 固定路线
途经点[5]: (118,19)  平台=platform_5  距离=(+8,+0)  回归=下跳
动作: 身前有怪（dx=124），用爆炸箭攻击
[08:56:18] [08:56:18] [动作] 攻击键 [shift]
[08:56:18] [08:56:18] [2400] 绳梯诊断: 黄点有 pos=(110,18)  最近绳梯=无匹配 dist=-
[08:56:18] [08:56:18][决策] 角色: 屏幕(1127,387)  小地图(110,18)
平台: platform_5  朝向: r  模式: 固定路线
途经点[5]: (118,19)  平台=platform_5  距离=(+8,+0)  回归=下跳
动作: 到达途经点5，前往6
[08:56:19] [08:56:19][决策] 角色: 屏幕(1127,387)  小地图(110,18)
平台: platform_5  朝向: r  模式: 固定路线
途经点[6]: (82,22)  平台=platform_5  距离=(-28,+4)  回归=下跳
动作: 同平台向左步行
[08:56:19] [08:56:19][决策] 角色: 屏幕(1121,388)  小地图(108,18)
平台: platform_5  朝向: r  模式: 固定路线
途经点[6]: (82,22)  平台=platform_5  距离=(-26,+4)  回归=下跳
动作: 同平台向左步行
[08:56:19] [08:56:19][决策] 角色: 屏幕(1072,395)  小地图(106,18)
平台: platform_5  朝向: r  模式: 固定路线
途经点[6]: (82,22)  平台=platform_5  距离=(-24,+4)  回归=下跳
动作: 同平台向左步行
[08:56:20] [08:56:20][决策] 角色: 屏幕(1016,396)  小地图(102,18)
平台: platform_5  朝向: r  模式: 固定路线
途经点[6]: (82,22)  平台=platform_5  距离=(-20,+4)  回归=下跳
动作: 身后有怪（dx=-148），转身攻击
[08:56:20] [08:56:20] [按键] l
[08:56:20] [08:56:20] [动作] 原地转向 左
[08:56:20] [08:56:20] [动作] 攻击键 [shift]
[08:56:20] [08:56:20][决策] 角色: 屏幕(980,397)  小地图(100,18)
平台: platform_5  朝向: l  模式: 固定路线
途经点[6]: (82,22)  平台=platform_5  距离=(-18,+4)  回归=下跳
动作: 身前有怪（dx=-112），用爆炸箭攻击
[08:56:20] [08:56:20] [动作] 攻击键 [shift]
[08:56:20] [08:56:20][决策] 角色: 屏幕(979,397)  小地图(100,18)
平台: platform_5  朝向: l  模式: 固定路线
途经点[6]: (82,22)  平台=platform_5  距离=(-18,+4)  回归=下跳
动作: 身前有怪（dx=-110），用爆炸箭攻击
[08:56:20] [08:56:20] [动作] 攻击键 [shift]
[08:56:21] [08:56:21][决策] 角色: 屏幕(979,397)  小地图(100,18)
平台: platform_5  朝向: l  模式: 固定路线
途经点[6]: (82,22)  平台=platform_5  距离=(-18,+4)  回归=下跳
动作: 身前有怪（dx=-110），用爆炸箭攻击
[08:56:21] [08:56:21] [动作] 攻击键 [shift]
[08:56:21] [08:56:21][决策] 角色: 屏幕(979,397)  小地图(100,18)
平台: platform_5  朝向: l  模式: 固定路线
途经点[6]: (82,22)  平台=platform_5  距离=(-18,+4)  回归=下跳
动作: 同平台向左步行
[08:56:21] [08:56:21][决策] 角色: 屏幕(979,397)  小地图(100,18)
平台: platform_5  朝向: l  模式: 固定路线
途经点[6]: (82,22)  平台=platform_5  距离=(-18,+4)  回归=下跳
动作: 同平台向左步行
[08:56:22] [08:56:22][决策] 角色: 屏幕(968,397)  小地图(98,18)
平台: platform_5  朝向: l  模式: 固定路线
途经点[6]: (82,22)  平台=platform_5  距离=(-16,+4)  回归=下跳
动作: 同平台向左步行
[08:56:22] [08:56:22][决策] 角色: 屏幕(936,398)  小地图(96,18)
平台: platform_5  朝向: l  模式: 固定路线
途经点[6]: (82,22)  平台=platform_5  距离=(-14,+4)  回归=下跳
动作: 同平台向左步行
[08:56:22] [08:56:22][决策] 角色: 屏幕(884,399)  小地图(94,18)
平台: platform_5  朝向: l  模式: 固定路线
途经点[6]: (82,22)  平台=platform_5  距离=(-12,+4)  回归=下跳
动作: 同平台向左步行
[08:56:23] [08:56:23][决策] 角色: 屏幕(853,400)  小地图(92,18)
平台: platform_5  朝向: l  模式: 固定路线
途经点[6]: (82,22)  平台=platform_5  距离=(-10,+4)  回归=下跳
动作: 同平台向左步行
[08:56:23] [08:56:23][决策] 角色: 屏幕(801,410)  小地图(88,20)
平台: platform_5  朝向: l  模式: 固定路线
途经点[6]: (82,22)  平台=platform_5  距离=(-6,+2)  回归=下跳
动作: 到达途经点6，前往7
[08:56:23] [08:56:23][决策] 角色: 屏幕(770,412)  小地图(88,20)
平台: platform_5  朝向: l  模式: 固定路线
途经点[7]: (79,24)  平台=platform_4  距离=(-8,+5)  回归=下跳
动作: 身前有怪（dx=-144），用爆炸箭攻击
[08:56:23] [08:56:23] [按键] shift
[08:56:23] [08:56:23] [动作] 攻击键 [shift]
[08:56:24] [08:56:24][决策] 角色: 屏幕(770,412)  小地图(88,20)
平台: platform_5  朝向: l  模式: 固定路线
途经点[7]: (79,24)  平台=platform_4  距离=(-8,+5)  回归=下跳
动作: 身前有怪（dx=-144），用爆炸箭攻击
[08:56:24] [08:56:24] [动作] 攻击键 [shift]
[08:56:24] [08:56:24][决策] 角色: 屏幕(770,412)  小地图(88,20)
平台: platform_5  朝向: l  模式: 固定路线
途经点[7]: (79,24)  平台=platform_4  距离=(-8,+5)  回归=下跳
动作: 身前有怪（dx=-144），用爆炸箭攻击
[08:56:24] [08:56:24] [动作] 攻击键 [shift]
[08:56:24] [08:56:24][决策] 角色: 屏幕(770,412)  小地图(88,20)
平台: platform_5  朝向: l  模式: 固定路线
途经点[7]: (79,24)  平台=platform_4  距离=(-8,+5)  回归=下跳
动作: 身前有怪（dx=-117），用爆炸箭攻击
[08:56:24] [08:56:24] [按键] shift
[08:56:24] [08:56:24] [动作] 攻击键 [shift]
[08:56:25] [08:56:25][决策] 角色: 屏幕(770,412)  小地图(88,20)
平台: platform_5  朝向: l  模式: 固定路线
途经点[7]: (79,24)  平台=platform_4  距离=(-8,+5)  回归=下跳
动作: 身前有怪（dx=-117），用爆炸箭攻击
[08:56:25] [08:56:25] [动作] 攻击键 [shift]
[08:56:25] [08:56:25][决策] 角色: 屏幕(770,412)  小地图(88,20)
平台: platform_5  朝向: l  模式: 固定路线
途经点[7]: (79,24)  平台=platform_4  距离=(-8,+5)  回归=下跳
动作: 身前有怪（dx=-93），用爆炸箭攻击
[08:56:25] [08:56:25] [动作] 攻击键 [shift]
[08:56:25] [08:56:25][决策] 角色: 屏幕(770,412)  小地图(88,20)
平台: platform_5  朝向: l  模式: 固定路线
途经点[7]: (79,24)  平台=platform_4  距离=(-8,+5)  回归=下跳
动作: 身前有怪（dx=-94），用爆炸箭攻击
[08:56:25] [08:56:25] [按键] shift
[08:56:25] [08:56:25] [动作] 攻击键 [shift]
[08:56:26] [08:56:26][决策] 角色: 屏幕(770,411)  小地图(88,20)
平台: platform_5  朝向: l  模式: 固定路线
途经点[7]: (79,24)  平台=platform_4  距离=(-8,+5)  回归=下跳
动作: 身前有怪（dx=-93），用爆炸箭攻击
[08:56:26] [08:56:26] [动作] 攻击键 [shift]
[08:56:26] [08:56:26][决策] 角色: 屏幕(770,412)  小地图(88,20)
平台: platform_5  朝向: l  模式: 固定路线
途经点[7]: (79,24)  平台=platform_4  距离=(-8,+5)  回归=下跳
动作: 跨平台 跳跃 → platform_4
[08:56:27] [08:56:27] [2520] 绳梯诊断: 黄点有 pos=(84,20)  最近绳梯=无匹配 dist=-
[08:56:29] [08:56:29] [按键] r
[08:56:29] [08:56:29] [动作] 原地转向 右
[08:56:29] [08:56:29] 到达目标平台，附近有怪，重置朝向
[08:56:30] [08:56:30][决策] 角色: 屏幕(592,461)  小地图(66,24)
平台: 未知  朝向: r  模式: 固定路线
途经点[7]: (79,24)  平台=platform_4  距离=(+14,+1)  回归=下跳
动作: 身后有怪（dx=-73），转身攻击
[08:56:30] [08:56:30] [动作] 原地转向 左
[08:56:30] [08:56:30] [动作] 攻击键 [shift]
[08:56:30] [08:56:30][决策] 角色: 屏幕(592,461)  小地图(66,24)
平台: 未知  朝向: l  模式: 固定路线
途经点[7]: (79,24)  平台=platform_4  距离=(+12,+1)  回归=下跳
动作: 身前有怪（dx=-73），用爆炸箭攻击
[08:56:30] [08:56:30] [动作] 攻击键 [shift]
[08:56:30] [08:56:30][决策] 角色: 屏幕(617,473)  小地图(66,24)
平台: 未知  朝向: l  模式: 固定路线
途经点[7]: (79,24)  平台=platform_4  距离=(+12,+1)  回归=下跳
动作: 身前有怪（dx=-82），用爆炸箭攻击
[08:56:30] [08:56:30] [动作] 攻击键 [shift]
[08:56:31] [08:56:31][决策] 角色: 屏幕(618,473)  小地图(66,24)
平台: 未知  朝向: l  模式: 固定路线
途经点[7]: (79,24)  平台=platform_4  距离=(+12,+1)  回归=下跳
动作: 同平台向右步行
[08:56:31] [08:56:31][决策] 角色: 屏幕(629,473)  小地图(66,24)
平台: 未知  朝向: l  模式: 固定路线
途经点[7]: (79,24)  平台=platform_4  距离=(+12,+1)  回归=下跳
动作: 同平台向右步行
[08:56:31] [08:56:31][决策] 角色: 屏幕(678,472)  小地图(70,24)
平台: 未知  朝向: l  模式: 固定路线
途经点[7]: (79,24)  平台=platform_4  距离=(+8,+1)  回归=下跳
动作: 到达途经点7，前往8
[08:56:32] [08:56:32][决策] 角色: 屏幕(678,472)  小地图(72,24)
平台: 未知  朝向: l  模式: 固定路线
途经点[8]: (81,26)  平台=platform_4  距离=(+8,+2)  回归=下跳
动作: 到达途经点8，前往9
[08:56:32] [08:56:32][决策] 角色: 屏幕(692,472)  小地图(72,24)
平台: 未知  朝向: l  模式: 固定路线
途经点[9]: (7,26)  平台=platform_4  距离=(-66,+2)  回归=下跳
动作: 同平台向左步行
[08:56:32] [08:56:32][决策] 角色: 屏幕(668,472)  小地图(70,24)
平台: 未知  朝向: l  模式: 固定路线
途经点[9]: (7,26)  平台=platform_4  距离=(-64,+2)  回归=下跳
动作: 身前有怪（dx=-110），用爆炸箭攻击
[08:56:32] [08:56:32] [按键] shift
[08:56:32] [08:56:32] [动作] 攻击键 [shift]
[08:56:33] [08:56:33][决策] 角色: 屏幕(634,472)  小地图(68,24)
平台: 未知  朝向: l  模式: 固定路线
途经点[9]: (7,26)  平台=platform_4  距离=(-62,+2)  回归=下跳
动作: 身前有怪（dx=-76），用爆炸箭攻击
[08:56:33] [08:56:33] [动作] 攻击键 [shift]
[08:56:33] [08:56:33][决策] 角色: 屏幕(634,472)  小地图(68,24)
平台: 未知  朝向: l  模式: 固定路线
途经点[9]: (7,26)  平台=platform_4  距离=(-62,+2)  回归=下跳
动作: 身前有怪（dx=-60），用爆炸箭攻击
[08:56:33] [08:56:33] [动作] 攻击键 [shift]
[08:56:33] [08:56:33][决策] 角色: 屏幕(634,472)  小地图(68,24)
平台: 未知  朝向: l  模式: 固定路线
途经点[9]: (7,26)  平台=platform_4  距离=(-62,+2)  回归=下跳
动作: 身前有怪（dx=-60），用爆炸箭攻击
[08:56:33] [08:56:33] [动作] 攻击键 [shift]
[08:56:34] [08:56:34][决策] 角色: 屏幕(634,472)  小地图(68,24)
平台: 未知  朝向: l  模式: 固定路线
途经点[9]: (7,26)  平台=platform_4  距离=(-62,+2)  回归=下跳
动作: 同平台向左步行
[08:56:34] [08:56:34][决策] 角色: 屏幕(634,472)  小地图(68,24)
平台: 未知  朝向: l  模式: 固定路线
途经点[9]: (7,26)  平台=platform_4  距离=(-62,+2)  回归=下跳
动作: 同平台向左步行
[08:56:34] [08:56:34][决策] 角色: 屏幕(626,472)  小地图(68,24)
平台: 未知  朝向: l  模式: 固定路线
途经点[9]: (7,26)  平台=platform_4  距离=(-62,+2)  回归=下跳
动作: 同平台向左步行
[08:56:35] [08:56:35][决策] 角色: 屏幕(573,473)  小地图(64,24)
平台: 未知  朝向: l  模式: 固定路线
途经点[9]: (7,26)  平台=platform_4  距离=(-58,+2)  回归=下跳
动作: 同平台向左步行
[08:56:35] [08:56:35] [2640] 绳梯诊断: 黄点有 pos=(64,24)  最近绳梯=x=106 y=[21,39] dist=42.5
[08:56:35] [08:56:35][决策] 角色: 屏幕(557,473)  小地图(62,24)
平台: 未知  朝向: l  模式: 固定路线
途经点[9]: (7,26)  平台=platform_4  距离=(-56,+2)  回归=下跳
动作: 同平台向左步行
[08:56:35] [08:56:35][决策] 角色: 屏幕(543,473)  小地图(60,24)
平台: 未知  朝向: l  模式: 固定路线
途经点[9]: (7,26)  平台=platform_4  距离=(-52,+2)  回归=下跳
动作: 同平台向左步行
[08:56:36] [08:56:36][决策] 角色: 屏幕(536,471)  小地图(56,24)
平台: 未知  朝向: l  模式: 固定路线
途经点[9]: (7,26)  平台=platform_4  距离=(-50,+2)  回归=下跳
动作: 同平台向左步行
[08:56:36] [08:56:36][决策] 角色: 屏幕(533,464)  小地图(52,22)
平台: 未知  朝向: l  模式: 固定路线
途经点[9]: (7,26)  平台=platform_4  距离=(-46,+4)  回归=下跳
动作: 同平台向左步行
[08:56:36] [08:56:36][决策] 角色: 屏幕(531,461)  小地图(48,22)
平台: 未知  朝向: l  模式: 固定路线
途经点[9]: (7,26)  平台=platform_4  距离=(-42,+4)  回归=下跳
动作: 同平台向左步行
[08:56:37] [08:56:37][决策] 角色: 屏幕(531,463)  小地图(46,22)
平台: 未知  朝向: l  模式: 固定路线
途经点[9]: (7,26)  平台=platform_4  距离=(-40,+4)  回归=下跳
动作: 同平台向左步行
[08:56:37] [08:56:37][决策] 角色: 屏幕(530,465)  小地图(44,22)
平台: 未知  朝向: l  模式: 固定路线
途经点[9]: (7,26)  平台=platform_4  距离=(-38,+4)  回归=下跳
动作: 同平台向左步行
[08:56:37] [08:56:37][决策] 角色: 屏幕(530,465)  小地图(42,22)
平台: 未知  朝向: l  模式: 固定路线
途经点[9]: (7,26)  平台=platform_4  距离=(-34,+4)  回归=下跳
动作: 同平台向左步行
[08:56:38] [08:56:38][决策] 角色: 屏幕(530,467)  小地图(38,24)
平台: 未知  朝向: l  模式: 固定路线
途经点[9]: (7,26)  平台=platform_4  距离=(-32,+2)  回归=下跳
动作: 身前有怪（dx=-92），用爆炸箭攻击
[08:56:38] [08:56:38] [按键] shift
[08:56:38] [08:56:38] [动作] 攻击键 [shift]
[08:56:38] [08:56:38][决策] 角色: 屏幕(498,469)  小地图(36,24)
平台: 未知  朝向: l  模式: 固定路线
途经点[9]: (7,26)  平台=platform_4  距离=(-28,+2)  回归=下跳
动作: 身前有怪（dx=-61），用爆炸箭攻击
[08:56:38] [08:56:38] [动作] 攻击键 [shift]
[08:56:38] [08:56:38][决策] 角色: 屏幕(498,469)  小地图(36,24)
平台: 未知  朝向: l  模式: 固定路线
途经点[9]: (7,26)  平台=platform_4  距离=(-28,+2)  回归=下跳
动作: 身前有怪（dx=-61），用爆炸箭攻击
[08:56:38] [08:56:38] [动作] 攻击键 [shift]
[08:56:39] [08:56:39][决策] 角色: 屏幕(498,469)  小地图(36,24)
平台: 未知  朝向: l  模式: 固定路线
途经点[9]: (7,26)  平台=platform_4  距离=(-28,+2)  回归=下跳
动作: 身前有怪（dx=-142），用爆炸箭攻击
[08:56:39] [08:56:39] [按键] shift
[08:56:39] [08:56:39] [动作] 攻击键 [shift]
[08:56:39] [08:56:39][决策] 角色: 屏幕(498,469)  小地图(36,24)
平台: 未知  朝向: l  模式: 固定路线
途经点[9]: (7,26)  平台=platform_4  距离=(-28,+2)  回归=下跳
动作: 同平台向左步行
[08:56:39] [08:56:39][决策] 角色: 屏幕(498,469)  小地图(36,24)
平台: 未知  朝向: l  模式: 固定路线
途经点[9]: (7,26)  平台=platform_4  距离=(-28,+2)  回归=下跳
动作: 同平台向左步行
[08:56:40] [08:56:40][决策] 角色: 屏幕(489,469)  小地图(34,24)
平台: 未知  朝向: l  模式: 固定路线
途经点[9]: (7,26)  平台=platform_4  距离=(-28,+2)  回归=下跳
动作: 同平台向左步行
[08:56:40] [08:56:40][决策] 角色: 屏幕(442,470)  小地图(32,24)
平台: 未知  朝向: l  模式: 固定路线
途经点[9]: (7,26)  平台=platform_4  距离=(-24,+2)  回归=下跳
动作: 同平台向左步行
[08:56:41] [08:56:41][决策] 角色: 屏幕(391,477)  小地图(28,24)
平台: 未知  朝向: l  模式: 固定路线
途经点[9]: (7,26)  平台=platform_4  距离=(-22,+2)  回归=下跳
动作: 身前有怪（dx=-108），用爆炸箭攻击
[08:56:41] [08:56:41] [按键] shift
[08:56:41] [08:56:41] [动作] 攻击键 [shift]
[08:56:41] [08:56:41][决策] 角色: 屏幕(359,474)  小地图(28,24)
平台: 未知  朝向: l  模式: 固定路线
途经点[9]: (7,26)  平台=platform_4  距离=(-20,+2)  回归=下跳
动作: 同平台向左步行
[08:56:41] [08:56:41][决策] 角色: 屏幕(359,474)  小地图(28,24)
平台: 未知  朝向: l  模式: 固定路线
途经点[9]: (7,26)  平台=platform_4  距离=(-20,+2)  回归=下跳
动作: 同平台向左步行
[08:56:42] [08:56:42][决策] 角色: 屏幕(359,474)  小地图(26,24)
平台: 未知  朝向: l  模式: 固定路线
途经点[9]: (7,26)  平台=platform_4  距离=(-20,+2)  回归=下跳
动作: 同平台向左步行
[08:56:42] [08:56:42][决策] 角色: 屏幕(299,475)  小地图(22,24)
平台: 未知  朝向: l  模式: 固定路线
途经点[9]: (7,26)  平台=platform_4  距离=(-16,+2)  回归=下跳
动作: 同平台向左步行
[08:56:42] [08:56:42][决策] 角色: 屏幕(263,474)  小地图(20,24)
平台: 未知  朝向: l  模式: 固定路线
途经点[9]: (7,26)  平台=platform_4  距离=(-14,+2)  回归=下跳
动作: 同平台向左步行
[08:56:43] [08:56:43][决策] 角色: 屏幕(211,475)  小地图(18,24)
平台: 未知  朝向: l  模式: 固定路线
途经点[9]: (7,26)  平台=platform_4  距离=(-10,+2)  回归=下跳
动作: 同平台向左步行
[08:56:43] [08:56:43] [2760] 绳梯诊断: 黄点有 pos=(16,24)  最近绳梯=x=106 y=[21,39] dist=90.5
[08:56:43] [08:56:43][决策] 角色: 屏幕(178,474)  小地图(16,24)
平台: platform_4  朝向: l  模式: 固定路线
途经点[9]: (7,26)  平台=platform_4  距离=(-8,+2)  回归=下跳
动作: 身前有怪（dx=-142），用爆炸箭攻击
[08:56:43] [08:56:43] [按键] shift
[08:56:43] [08:56:43] [动作] 攻击键 [shift]
[08:56:43] [08:56:43][决策] 角色: 屏幕(145,479)  小地图(14,24)
平台: platform_4  朝向: l  模式: 固定路线
途经点[9]: (7,26)  平台=platform_4  距离=(-6,+2)  回归=下跳
动作: 到达途经点9，前往0
[08:56:43] [08:56:43][决策] 角色: 屏幕(145,477)  小地图(14,24)
平台: platform_4  朝向: l  模式: 固定路线
途经点[0]: (6,60)  平台=platform_0  距离=(-8,+36)  回归=下跳
动作: 回归方式=下跳，Alt+↓ 跳下平台
[08:56:44] [08:56:44] 到达目标平台，附近无怪，无需重置朝向
[08:56:45] [08:56:45][决策] 角色: 屏幕(145,474)  小地图(14,24)
平台: platform_4  朝向: l  模式: 固定路线
途经点[0]: (6,60)  平台=platform_0  距离=(-8,+36)  回归=下跳
动作: 回归方式=下跳，Alt+↓ 跳下平台
[08:56:45] [08:56:45] 到达目标平台，附近无怪，无需重置朝向
[08:56:46] [08:56:46][决策] 角色: 屏幕(145,651)  小地图(14,52)
平台: 未知  朝向: l  模式: 固定路线
途经点[0]: (6,60)  平台=platform_0  距离=(-8,+8)  回归=下跳
动作: 同平台向左步行
[08:56:46] [08:56:46][决策] 角色: 屏幕(142,660)  小地图(12,58)
平台: platform_0  朝向: l  模式: 固定路线
途经点[0]: (6,60)  平台=platform_0  距离=(-6,+2)  回归=下跳
动作: 到达途经点0，前往1
[08:56:46] [08:56:46][决策] 角色: 屏幕(94,564)  小地图(10,58)
平台: platform_0  朝向: l  模式: 固定路线
途经点[1]: (117,64)  平台=platform_0  距离=(+106,+6)  回归=下跳
动作: 同平台向右步行
[08:56:47] [08:56:47][决策] 角色: 屏幕(114,529)  小地图(14,58)
平台: platform_0  朝向: l  模式: 固定路线
途经点[1]: (117,64)  平台=platform_0  距离=(+104,+6)  回归=下跳
动作: 同平台向右步行
[08:56:47] [08:56:47][决策] 角色: 屏幕(114,529)  小地图(16,58)
平台: platform_0  朝向: l  模式: 固定路线
途经点[1]: (117,64)  平台=platform_0  距离=(+102,+6)  回归=下跳
动作: 同平台向右步行
[08:56:47] [08:56:47][决策] 角色: 屏幕(212,508)  小地图(18,58)
平台: platform_0  朝向: l  模式: 固定路线
途经点[1]: (117,64)  平台=platform_0  距离=(+98,+6)  回归=下跳
动作: 身后有怪（dx=83），转身攻击
[08:56:47] [08:56:47] [按键] r
[08:56:47] [08:56:47] [动作] 原地转向 右
[08:56:48] [08:56:48] [动作] 攻击键 [shift]
[08:56:48] [08:56:48][决策] 角色: 屏幕(248,508)  小地图(20,58)
平台: platform_0  朝向: r  模式: 固定路线
途经点[1]: (117,64)  平台=platform_0  距离=(+96,+6)  回归=下跳
动作: 身前有怪（dx=128），用爆炸箭攻击
[08:56:48] [08:56:48] [动作] 攻击键 [shift]
[08:56:48] [08:56:48][决策] 角色: 屏幕(250,508)  小地图(20,58)
平台: platform_0  朝向: r  模式: 固定路线
途经点[1]: (117,64)  平台=platform_0  距离=(+96,+6)  回归=下跳
动作: 身前有怪（dx=67），用爆炸箭攻击
[08:56:48] [08:56:48] [动作] 攻击键 [shift]
[08:56:48] [08:56:48][决策] 角色: 屏幕(250,508)  小地图(20,58)
平台: platform_0  朝向: r  模式: 固定路线
途经点[1]: (117,64)  平台=platform_0  距离=(+96,+6)  回归=下跳
动作: 身前有怪（dx=67），用爆炸箭攻击
[08:56:48] [08:56:48] [动作] 攻击键 [shift]
[08:56:49] [08:56:49][决策] 角色: 屏幕(250,508)  小地图(20,58)
平台: platform_0  朝向: r  模式: 固定路线
途经点[1]: (117,64)  平台=platform_0  距离=(+96,+6)  回归=下跳
动作: 同平台向右步行
[08:56:49] [08:56:49][决策] 角色: 屏幕(250,508)  小地图(20,58)
平台: platform_0  朝向: r  模式: 固定路线
途经点[1]: (117,64)  平台=platform_0  距离=(+96,+6)  回归=下跳
动作: 同平台向右步行
[08:56:49] [08:56:49][决策] 角色: 屏幕(250,508)  小地图(22,58)
平台: platform_0  朝向: r  模式: 固定路线
途经点[1]: (117,64)  平台=platform_0  距离=(+96,+6)  回归=下跳
动作: 同平台向右步行
[08:56:50] [08:56:50][决策] 角色: 屏幕(306,508)  小地图(24,58)
平台: platform_0  朝向: r  模式: 固定路线
途经点[1]: (117,64)  平台=platform_0  距离=(+92,+6)  回归=下跳
动作: 同平台向右步行
[08:56:50] [08:56:50][决策] 角色: 屏幕(339,508)  小地图(26,58)
平台: platform_0  朝向: r  模式: 固定路线
途经点[1]: (117,64)  平台=platform_0  距离=(+92,+6)  回归=下跳
动作: 同平台向右步行
[08:56:50] [08:56:50][决策] 角色: 屏幕(402,508)  小地图(30,58)
平台: platform_0  朝向: r  模式: 固定路线
途经点[1]: (117,64)  平台=platform_0  距离=(+88,+6)  回归=下跳
动作: 身前有怪（dx=117），用爆炸箭攻击
[08:56:50] [08:56:50] [按键] shift
[08:56:50] [08:56:50] [动作] 攻击键 [shift]
[08:56:51] [08:56:51][决策] 角色: 屏幕(429,508)  小地图(32,58)
平台: platform_0  朝向: r  模式: 固定路线
途经点[1]: (117,64)  平台=platform_0  距离=(+86,+6)  回归=下跳
动作: 身前有怪（dx=90），用爆炸箭攻击
[08:56:51] [08:56:51] [动作] 攻击键 [shift]
[08:56:51] [08:56:51] [2880] 绳梯诊断: 黄点有 pos=(32,58)  最近绳梯=x=112 y=[42,62] dist=80.5
[08:56:51] [08:56:51][决策] 角色: 屏幕(430,508)  小地图(32,58)
平台: platform_0  朝向: r  模式: 固定路线
途经点[1]: (117,64)  平台=platform_0  距离=(+86,+6)  回归=下跳
动作: 身前有怪（dx=88），用爆炸箭攻击
[08:56:51] [08:56:51] [动作] 攻击键 [shift]
[08:56:51] [08:56:51][决策] 角色: 屏幕(430,508)  小地图(32,58)
平台: platform_0  朝向: r  模式: 固定路线
途经点[1]: (117,64)  平台=platform_0  距离=(+86,+6)  回归=下跳
动作: 身前有怪（dx=88），用爆炸箭攻击
[08:56:51] [08:56:51] [动作] 攻击键 [shift]
[08:56:52] [08:56:52] [按键] A
[08:56:52] [08:56:52] [动作] 释放技能 [A]
[08:56:52] [08:56:52] [Buff] 快速箭 释放 (键位:A, 间隔:105s)
[08:56:52] [08:56:52] [动作] 攻击键 [shift]
[08:56:52] [08:56:52][决策] 角色: 屏幕(430,508)  小地图(32,58)
平台: platform_0  朝向: r  模式: 固定路线
途经点[1]: (117,64)  平台=platform_0  距离=(+86,+6)  回归=下跳
动作: 同平台向右步行
[08:56:52] [08:56:52][决策] 角色: 屏幕(430,508)  小地图(32,58)
平台: platform_0  朝向: r  模式: 固定路线
途经点[1]: (117,64)  平台=platform_0  距离=(+86,+6)  回归=下跳
动作: 同平台向右步行
[08:56:52] [08:56:52][决策] 角色: 屏幕(452,508)  小地图(34,58)
平台: platform_0  朝向: r  模式: 固定路线
途经点[1]: (117,64)  平台=platform_0  距离=(+82,+6)  回归=下跳
动作: 同平台向右步行
[08:56:53] [08:56:53][决策] 角色: 屏幕(516,540)  小地图(38,60)
平台: platform_0  朝向: r  模式: 固定路线
途经点[1]: (117,64)  平台=platform_0  距离=(+80,+4)  回归=下跳
动作: 身前有怪（dx=107），用爆炸箭攻击
[08:56:53] [08:56:53] [按键] shift
[08:56:53] [08:56:53] [动作] 攻击键 [shift]
[08:56:53] [08:56:53] [动作] 攻击键 [shift]
[08:56:53] [08:56:53][决策] 角色: 屏幕(555,566)  小地图(40,62)
平台: platform_0  朝向: r  模式: 固定路线
途经点[1]: (117,64)  平台=platform_0  距离=(+78,+2)  回归=下跳
动作: 同平台向右步行
[08:56:54] [08:56:54][决策] 角色: 屏幕(555,566)  小地图(40,62)
平台: platform_0  朝向: r  模式: 固定路线
途经点[1]: (117,64)  平台=platform_0  距离=(+78,+2)  回归=下跳
动作: 同平台向右步行
[08:56:54] [08:56:54][决策] 角色: 屏幕(572,569)  小地图(40,62)
平台: platform_0  朝向: r  模式: 固定路线
途经点[1]: (117,64)  平台=platform_0  距离=(+76,+2)  回归=下跳
动作: 同平台向右步行
[08:56:54] [08:56:54][决策] 角色: 屏幕(635,568)  小地图(44,62)
平台: platform_0  朝向: r  模式: 固定路线
途经点[1]: (117,64)  平台=platform_0  距离=(+72,+2)  回归=下跳
动作: 身前有怪（dx=48），用爆炸箭攻击
[08:56:54] [08:56:54] [按键] shift
[08:56:54] [08:56:54] [动作] 攻击键 [shift]
[08:56:55] [08:56:55][决策] 角色: 屏幕(664,567)  小地图(46,62)
平台: platform_0  朝向: r  模式: 固定路线
途经点[1]: (117,64)  平台=platform_0  距离=(+70,+2)  回归=下跳
动作: 身前有怪（dx=19），用爆炸箭攻击
[08:56:55] [08:56:55] [动作] 攻击键 [shift]
[08:56:55] [08:56:55][决策] 角色: 屏幕(665,567)  小地图(46,62)
平台: platform_0  朝向: r  模式: 固定路线
途经点[1]: (117,64)  平台=platform_0  距离=(+70,+2)  回归=下跳
动作: 身前有怪（dx=122），用爆炸箭攻击
[08:56:55] [08:56:55] [动作] 攻击键 [shift]
[08:56:55] [08:56:55][决策] 角色: 屏幕(665,567)  小地图(46,62)
平台: platform_0  朝向: r  模式: 固定路线
途经点[1]: (117,64)  平台=platform_0  距离=(+70,+2)  回归=下跳
动作: 身前有怪（dx=61），用爆炸箭攻击
[08:56:55] [08:56:55] [按键] shift
[08:56:55] [08:56:55] [动作] 攻击键 [shift]
[08:56:56] [08:56:56][决策] 角色: 屏幕(665,567)  小地图(46,62)
平台: platform_0  朝向: r  模式: 固定路线
途经点[1]: (117,64)  平台=platform_0  距离=(+70,+2)  回归=下跳
动作: 身前有怪（dx=61），用爆炸箭攻击
[08:56:56] [08:56:56] [动作] 攻击键 [shift]
[08:56:56] [08:56:56] [2940] 绳梯诊断: 黄点有 pos=(46,62)  最近绳梯=无匹配 dist=-
[08:56:56] [08:56:56][决策] 角色: 屏幕(665,567)  小地图(46,62)
平台: platform_0  朝向: r  模式: 固定路线
途经点[1]: (117,64)  平台=platform_0  距离=(+70,+2)  回归=下跳
动作: 身前有怪（dx=92），用爆炸箭攻击
[08:56:56] [08:56:56] [动作] 攻击键 [shift]
[08:56:56] [08:56:56][决策] 角色: 屏幕(665,567)  小地图(46,62)
平台: platform_0  朝向: r  模式: 固定路线
途经点[1]: (117,64)  平台=platform_0  距离=(+70,+2)  回归=下跳
动作: 身前有怪（dx=92），用爆炸箭攻击
[08:56:56] [08:56:56] [动作] 攻击键 [shift]
[08:56:57] [08:56:57][决策] 角色: 屏幕(665,567)  小地图(46,62)
平台: platform_0  朝向: r  模式: 固定路线
途经点[1]: (117,64)  平台=platform_0  距离=(+70,+2)  回归=下跳
动作: 身前有怪（dx=123），用爆炸箭攻击
[08:56:57] [08:56:57] [按键] shift
[08:56:57] [08:56:57] [动作] 攻击键 [shift]
[08:56:57] [08:56:57][决策] 角色: 屏幕(665,567)  小地图(46,62)
平台: platform_0  朝向: r  模式: 固定路线
途经点[1]: (117,64)  平台=platform_0  距离=(+70,+2)  回归=下跳
动作: 身前有怪（dx=130），用爆炸箭攻击
[08:56:57] [08:56:57] [动作] 攻击键 [shift]
[08:56:57] [08:56:57][决策] 角色: 屏幕(665,567)  小地图(46,62)
平台: platform_0  朝向: r  模式: 固定路线
途经点[1]: (117,64)  平台=platform_0  距离=(+70,+2)  回归=下跳
动作: 身前有怪（dx=130），用爆炸箭攻击
[08:56:57] [08:56:57] [动作] 攻击键 [shift]
[08:56:58] [08:56:58][决策] 角色: 屏幕(665,567)  小地图(46,62)
平台: platform_0  朝向: r  模式: 固定路线
途经点[1]: (117,64)  平台=platform_0  距离=(+70,+2)  回归=下跳
动作: 身前有怪（dx=60），用爆炸箭攻击
[08:56:58] [08:56:58] [按键] shift
[08:56:58] [08:56:58] [动作] 攻击键 [shift]
[08:56:58] [08:56:58][决策] 角色: 屏幕(665,567)  小地图(46,62)
平台: platform_0  朝向: r  模式: 固定路线
途经点[1]: (117,64)  平台=platform_0  距离=(+70,+2)  回归=下跳
动作: 身前有怪（dx=60），用爆炸箭攻击
[08:56:58] [08:56:58] [动作] 攻击键 [shift]
[08:56:58] [08:56:58][决策] 角色: 屏幕(665,567)  小地图(46,62)
平台: platform_0  朝向: r  模式: 固定路线
途经点[1]: (117,64)  平台=platform_0  距离=(+70,+2)  回归=下跳
动作: 同平台向右步行
[08:56:59] [08:56:59][决策] 角色: 屏幕(665,567)  小地图(46,62)
平台: platform_0  朝向: r  模式: 固定路线
途经点[1]: (117,64)  平台=platform_0  距离=(+70,+2)  回归=下跳
动作: 同平台向右步行
[08:56:59] [08:56:59][决策] 角色: 屏幕(673,567)  小地图(48,62)
平台: platform_0  朝向: r  模式: 固定路线
途经点[1]: (117,64)  平台=platform_0  距离=(+70,+2)  回归=下跳
动作: 同平台向右步行
[08:56:59] [08:56:59][决策] 角色: 屏幕(692,567)  小地图(50,62)
平台: platform_0  朝向: r  模式: 固定路线
途经点[1]: (117,64)  平台=platform_0  距离=(+66,+2)  回归=下跳
动作: 同平台向右步行
[08:57:00] [08:57:00][决策] 角色: 屏幕(742,559)  小地图(54,62)
平台: platform_0  朝向: r  模式: 固定路线
途经点[1]: (117,64)  平台=platform_0  距离=(+64,+2)  回归=下跳
动作: 同平台向右步行
[08:57:00] [08:57:00] [3000] 绳梯诊断: 黄点有 pos=(56,62)  最近绳梯=x=112 y=[42,62] dist=55.5
[08:57:00] [08:57:00][决策] 角色: 屏幕(753,558)  小地图(56,62)
平台: platform_0  朝向: r  模式: 固定路线
途经点[1]: (117,64)  平台=platform_0  距离=(+60,+2)  回归=下跳
动作: 同平台向右步行
[08:57:00] [08:57:00][决策] 角色: 屏幕(758,554)  小地图(60,62)
平台: platform_0  朝向: r  模式: 固定路线
途经点[1]: (117,64)  平台=platform_0  距离=(+58,+2)  回归=下跳
动作: 身前有怪（dx=68），用爆炸箭攻击
[08:57:01] [08:57:01] [按键] shift
[08:57:01] [08:57:01] [动作] 攻击键 [shift]
[08:57:01] [08:57:01][决策] 角色: 屏幕(728,535)  小地图(60,60)
平台: platform_0  朝向: r  模式: 固定路线
途经点[1]: (117,64)  平台=platform_0  距离=(+58,+4)  回归=下跳
动作: 身前有怪（dx=98），用爆炸箭攻击
[08:57:01] [08:57:01] [动作] 攻击键 [shift]
[08:57:01] [08:57:01][决策] 角色: 屏幕(692,557)  小地图(58,62)
平台: platform_0  朝向: r  模式: 固定路线
途经点[1]: (117,64)  平台=platform_0  距离=(+60,+2)  回归=下跳
动作: 身前有怪（dx=78），用爆炸箭攻击
[08:57:01] [08:57:01] [动作] 攻击键 [shift]
[08:57:02] [08:57:02][决策] 角色: 屏幕(683,557)  小地图(58,62)
平台: platform_0  朝向: r  模式: 固定路线
途经点[1]: (117,64)  平台=platform_0  距离=(+60,+2)  回归=下跳
动作: 同平台向右步行
[08:57:02] [08:57:02][决策] 角色: 屏幕(685,556)  小地图(58,62)
平台: platform_0  朝向: r  模式: 固定路线
途经点[1]: (117,64)  平台=platform_0  距离=(+58,+2)  回归=下跳
动作: 同平台向右步行
[08:57:02] [08:57:02][决策] 角色: 屏幕(698,554)  小地图(62,62)
平台: platform_0  朝向: r  模式: 固定路线
途经点[1]: (117,64)  平台=platform_0  距离=(+56,+2)  回归=下跳
动作: 身后有怪（dx=-84），转身攻击
[08:57:02] [08:57:02] [按键] l
[08:57:02] [08:57:02] [动作] 原地转向 左
[08:57:02] [08:57:02] [动作] 攻击键 [shift]
[08:57:03] [08:57:03][决策] 角色: 屏幕(721,554)  小地图(62,62)
平台: platform_0  朝向: l  模式: 固定路线
途经点[1]: (117,64)  平台=platform_0  距离=(+54,+2)  回归=下跳
动作: 身前有怪（dx=-81），用爆炸箭攻击
[08:57:03] [08:57:03] [动作] 攻击键 [shift]
[08:57:03] [08:57:03][决策] 角色: 屏幕(721,554)  小地图(62,62)
平台: platform_0  朝向: l  模式: 固定路线
途经点[1]: (117,64)  平台=platform_0  距离=(+54,+2)  回归=下跳
动作: 身前有怪（dx=-81），用爆炸箭攻击
[08:57:03] [08:57:03] [动作] 攻击键 [shift]
[08:57:03] [08:57:03][决策] 角色: 屏幕(751,556)  小地图(62,62)
平台: platform_0  朝向: l  模式: 固定路线
途经点[1]: (117,64)  平台=platform_0  距离=(+54,+2)  回归=下跳
动作: 同平台向右步行
[08:57:03] [08:57:03][决策] 角色: 屏幕(698,554)  小地图(64,62)
平台: platform_0  朝向: l  模式: 固定路线
途经点[1]: (117,64)  平台=platform_0  距离=(+54,+2)  回归=下跳
动作: 同平台向右步行
[08:57:04] [08:57:04][决策] 角色: 屏幕(730,552)  小地图(66,62)
平台: platform_0  朝向: l  模式: 固定路线
途经点[1]: (117,64)  平台=platform_0  距离=(+50,+2)  回归=下跳
动作: 同平台向右步行
[08:57:04] [08:57:04][决策] 角色: 屏幕(748,550)  小地图(70,62)
平台: platform_0  朝向: l  模式: 固定路线
途经点[1]: (117,64)  平台=platform_0  距离=(+48,+2)  回归=下跳
动作: 同平台向右步行
[08:57:05] [08:57:05] [3060] 绳梯诊断: 黄点有 pos=(72,62)  最近绳梯=x=112 y=[42,62] dist=39.5
[08:57:05] [08:57:05][决策] 角色: 屏幕(754,552)  小地图(72,62)
平台: platform_0  朝向: l  模式: 固定路线
途经点[1]: (117,64)  平台=platform_0  距离=(+44,+2)  回归=下跳
动作: 同平台向右步行
[08:57:05] [08:57:05][决策] 角色: 屏幕(758,556)  小地图(74,62)
平台: platform_0  朝向: l  模式: 固定路线
途经点[1]: (117,64)  平台=platform_0  距离=(+42,+2)  回归=下跳
动作: 同平台向右步行
[08:57:05] [08:57:05][决策] 角色: 屏幕(762,562)  小地图(78,62)
平台: platform_0  朝向: l  模式: 固定路线
途经点[1]: (117,64)  平台=platform_0  距离=(+38,+2)  回归=下跳
动作: 同平台向右步行
[08:57:06] [08:57:06][决策] 角色: 屏幕(761,562)  小地图(80,62)
平台: platform_0  朝向: l  模式: 固定路线
途经点[1]: (117,64)  平台=platform_0  距离=(+36,+2)  回归=下跳
动作: 同平台向右步行
[08:57:06] [08:57:06][决策] 角色: 屏幕(762,562)  小地图(84,62)
平台: platform_0  朝向: l  模式: 固定路线
途经点[1]: (117,64)  平台=platform_0  距离=(+34,+2)  回归=下跳
动作: 同平台向右步行
[08:57:06] [08:57:06][决策] 角色: 屏幕(774,561)  小地图(88,62)
平台: platform_0  朝向: l  模式: 固定路线
途经点[1]: (117,64)  平台=platform_0  距离=(+28,+2)  回归=下跳
动作: 同平台向右步行
[08:57:07] [08:57:07][决策] 角色: 屏幕(811,561)  小地图(90,62)
平台: platform_0  朝向: l  模式: 固定路线
途经点[1]: (117,64)  平台=platform_0  距离=(+26,+2)  回归=下跳
动作: 同平台向右步行
[08:57:07] [08:57:07][决策] 角色: 屏幕(861,561)  小地图(94,62)
平台: platform_0  朝向: l  模式: 固定路线
途经点[1]: (117,64)  平台=platform_0  距离=(+24,+2)  回归=下跳
动作: 同平台向右步行
[08:57:07] [08:57:07][决策] 角色: 屏幕(911,561)  小地图(96,62)
平台: platform_0  朝向: l  模式: 固定路线
途经点[1]: (117,64)  平台=platform_0  距离=(+20,+2)  回归=下跳
动作: 身后有怪（dx=103），转身攻击
[08:57:07] [08:57:07] [按键] r
[08:57:07] [08:57:07] [动作] 原地转向 右
[08:57:08] [08:57:08] [动作] 攻击键 [shift]
[08:57:08] [08:57:08][决策] 角色: 屏幕(942,562)  小地图(98,62)
平台: platform_0  朝向: r  模式: 固定路线
途经点[1]: (117,64)  平台=platform_0  距离=(+20,+2)  回归=下跳
动作: 身前有怪（dx=97），用爆炸箭攻击
[08:57:08] [08:57:08] [动作] 攻击键 [shift]
[08:57:08] [08:57:08][决策] 角色: 屏幕(943,562)  小地图(98,62)
平台: platform_0  朝向: r  模式: 固定路线
途经点[1]: (117,64)  平台=platform_0  距离=(+20,+2)  回归=下跳
动作: 身前有怪（dx=96），用爆炸箭攻击
[08:57:08] [08:57:08] [动作] 攻击键 [shift]
[08:57:08] [08:57:08][决策] 角色: 屏幕(943,562)  小地图(98,62)
平台: platform_0  朝向: r  模式: 固定路线
途经点[1]: (117,64)  平台=platform_0  距离=(+20,+2)  回归=下跳
动作: 身前有怪（dx=96），用爆炸箭攻击
[08:57:08] [08:57:08] [按键] shift
[08:57:08] [08:57:08] [动作] 攻击键 [shift]
[08:57:09] [08:57:09] [3120] 绳梯诊断: 黄点有 pos=(98,62)  最近绳梯=无匹配 dist=-
[08:57:09] [08:57:09][决策] 角色: 屏幕(943,562)  小地图(98,62)
平台: platform_0  朝向: r  模式: 固定路线
途经点[1]: (117,64)  平台=platform_0  距离=(+20,+2)  回归=下跳
动作: 同平台向右步行
[08:57:09] [08:57:09][决策] 角色: 屏幕(943,562)  小地图(98,62)
平台: platform_0  朝向: r  模式: 固定路线
途经点[1]: (117,64)  平台=platform_0  距离=(+20,+2)  回归=下跳
动作: 同平台向右步行
[08:57:09] [08:57:09][决策] 角色: 屏幕(947,563)  小地图(98,62)
平台: platform_0  朝向: r  模式: 固定路线
途经点[1]: (117,64)  平台=platform_0  距离=(+18,+2)  回归=下跳
动作: 身后有怪（dx=-139），转身攻击
[08:57:09] [08:57:09] [动作] 原地转向 左
[08:57:09] [08:57:09] [按键] shift
[08:57:09] [08:57:09] [动作] 攻击键 [shift]
[08:57:10] [08:57:10][决策] 角色: 屏幕(973,567)  小地图(100,62)
平台: platform_0  朝向: l  模式: 固定路线
途经点[1]: (117,64)  平台=platform_0  距离=(+18,+2)  回归=下跳
动作: 同平台向右步行
[08:57:10] [08:57:10][决策] 角色: 屏幕(973,567)  小地图(100,62)
平台: platform_0  朝向: l  模式: 固定路线
途经点[1]: (117,64)  平台=platform_0  距离=(+18,+2)  回归=下跳
动作: 同平台向右步行
[08:57:10] [08:57:10][决策] 角色: 屏幕(984,568)  小地图(100,62)
平台: platform_0  朝向: l  模式: 固定路线
途经点[1]: (117,64)  平台=platform_0  距离=(+16,+2)  回归=下跳
动作: 身后有怪（dx=69），转身攻击
[08:57:10] [08:57:10] [按键] r
[08:57:10] [08:57:10] [动作] 原地转向 右
[08:57:11] [08:57:11] [动作] 攻击键 [shift]
[08:57:11] [08:57:11][决策] 角色: 屏幕(994,550)  小地图(100,62)
平台: platform_0  朝向: r  模式: 固定路线
途经点[1]: (117,64)  平台=platform_0  距离=(+16,+2)  回归=下跳
动作: 身前有怪（dx=59），用爆炸箭攻击
[08:57:11] [08:57:11] [动作] 攻击键 [shift]
[08:57:11] [08:57:11][决策] 角色: 屏幕(970,566)  小地图(100,62)
平台: platform_0  朝向: r  模式: 固定路线
途经点[1]: (117,64)  平台=platform_0  距离=(+18,+2)  回归=下跳
动作: 身前有怪（dx=18），用爆炸箭攻击
[08:57:11] [08:57:11] [动作] 攻击键 [shift]
[08:57:11] [08:57:11][决策] 角色: 屏幕(970,566)  小地图(100,62)
平台: platform_0  朝向: r  模式: 固定路线
途经点[1]: (117,64)  平台=platform_0  距离=(+18,+2)  回归=下跳
动作: 同平台向右步行
[08:57:12] [08:57:12][决策] 角色: 屏幕(978,568)  小地图(100,62)
平台: platform_0  朝向: r  模式: 固定路线
途经点[1]: (117,64)  平台=platform_0  距离=(+16,+2)  回归=下跳
动作: 同平台向右步行
[08:57:12] [08:57:12][决策] 角色: 屏幕(1026,568)  小地图(104,62)
平台: platform_0  朝向: r  模式: 固定路线
途经点[1]: (117,64)  平台=platform_0  距离=(+14,+2)  回归=下跳
动作: 身前有怪（dx=50），用爆炸箭攻击
[08:57:12] [08:57:12] [按键] shift
[08:57:12] [08:57:12] [动作] 攻击键 [shift]
[08:57:13] [08:57:13][决策] 角色: 屏幕(1057,568)  小地图(106,62)
平台: platform_0  朝向: r  模式: 固定路线
途经点[1]: (117,64)  平台=platform_0  距离=(+12,+2)  回归=下跳
动作: 身前有怪（dx=77），用爆炸箭攻击
[08:57:13] [08:57:13] [动作] 攻击键 [shift]
[08:57:13] [08:57:13][决策] 角色: 屏幕(1057,568)  小地图(106,62)
平台: platform_0  朝向: r  模式: 固定路线
途经点[1]: (117,64)  平台=platform_0  距离=(+12,+2)  回归=下跳
动作: 身前有怪（dx=77），用爆炸箭攻击
[08:57:13] [08:57:13] [动作] 攻击键 [shift]
[08:57:13] [08:57:13][决策] 角色: 屏幕(1057,568)  小地图(106,62)
平台: platform_0  朝向: r  模式: 固定路线
途经点[1]: (117,64)  平台=platform_0  距离=(+12,+2)  回归=下跳
动作: 身前有怪（dx=128），用爆炸箭攻击
[08:57:13] [08:57:13] [按键] shift
[08:57:13] [08:57:13] [动作] 攻击键 [shift]
[08:57:13] [08:57:13] [3180] 绳梯诊断: 黄点有 pos=(106,62)  最近绳梯=无匹配 dist=-
[08:57:13] [08:57:13][决策] 角色: 屏幕(1057,568)  小地图(106,62)
平台: platform_0  朝向: r  模式: 固定路线
途经点[1]: (117,64)  平台=platform_0  距离=(+12,+2)  回归=下跳
动作: 身前有怪（dx=128），用爆炸箭攻击
[08:57:14] [08:57:14] [动作] 攻击键 [shift]
[08:57:14] [08:57:14][决策] 角色: 屏幕(1057,568)  小地图(106,62)
平台: platform_0  朝向: r  模式: 固定路线
途经点[1]: (117,64)  平台=platform_0  距离=(+12,+2)  回归=下跳
动作: 身前有怪（dx=41），用爆炸箭攻击
[08:57:14] [08:57:14] [动作] 攻击键 [shift]
[08:57:14] [08:57:14][决策] 角色: 屏幕(1057,568)  小地图(106,62)
平台: platform_0  朝向: r  模式: 固定路线
途经点[1]: (117,64)  平台=platform_0  距离=(+12,+2)  回归=下跳
动作: 身前有怪（dx=38），用爆炸箭攻击
[08:57:14] [08:57:14] [动作] 攻击键 [shift]
[08:57:14] [08:57:14][决策] 角色: 屏幕(1036,552)  小地图(104,62)
平台: platform_0  朝向: r  模式: 固定路线
途经点[1]: (117,64)  平台=platform_0  距离=(+14,+2)  回归=下跳
动作: 身前有怪（dx=59），用爆炸箭攻击
[08:57:14] [08:57:14] [按键] shift
[08:57:14] [08:57:14] [动作] 攻击键 [shift]
[08:57:15] [08:57:15][决策] 角色: 屏幕(969,566)  小地图(100,62)
平台: platform_0  朝向: r  模式: 固定路线
途经点[1]: (117,64)  平台=platform_0  距离=(+18,+2)  回归=下跳
动作: 身前有怪（dx=57），用爆炸箭攻击
[08:57:15] [08:57:15] [动作] 攻击键 [shift]
[08:57:15] [08:57:15][决策] 角色: 屏幕(969,566)  小地图(100,62)
平台: platform_0  朝向: r  模式: 固定路线
途经点[1]: (117,64)  平台=platform_0  距离=(+18,+2)  回归=下跳
动作: 身前有怪（dx=57），用爆炸箭攻击
[08:57:15] [08:57:15] [动作] 攻击键 [shift]
[08:57:15] [08:57:15][决策] 角色: 屏幕(969,566)  小地图(100,62)
平台: platform_0  朝向: r  模式: 固定路线
途经点[1]: (117,64)  平台=platform_0  距离=(+18,+2)  回归=下跳
动作: 同平台向右步行
[08:57:16] [08:57:16][决策] 角色: 屏幕(974,561)  小地图(100,62)
平台: platform_0  朝向: r  模式: 固定路线
途经点[1]: (117,64)  平台=platform_0  距离=(+16,+2)  回归=下跳
动作: 身前有怪（dx=96），用爆炸箭攻击
[08:57:16] [08:57:16] [按键] shift
[08:57:16] [08:57:16] [动作] 攻击键 [shift]
[08:57:16] [08:57:16][决策] 角色: 屏幕(1048,568)  小地图(104,62)
平台: platform_0  朝向: r  模式: 固定路线
途经点[1]: (117,64)  平台=platform_0  距离=(+12,+2)  回归=下跳
动作: 身前有怪（dx=80），用爆炸箭攻击
[08:57:16] [08:57:16] [动作] 攻击键 [shift]
[08:57:17] [08:57:17] [动作] 释放技能 [pgup]
[08:57:17] [08:57:17] [Buff] 无形箭 释放 (键位:pgup, 间隔:235s)
[08:57:17] [08:57:17] [动作] 攻击键 [shift]
[08:57:17] [08:57:17][决策] 角色: 屏幕(1058,568)  小地图(106,62)
平台: platform_0  朝向: r  模式: 固定路线
途经点[1]: (117,64)  平台=platform_0  距离=(+12,+2)  回归=下跳
动作: 身后有怪（dx=-92），转身攻击
[08:57:17] [08:57:17] [动作] 原地转向 左
[08:57:17] [08:57:17] [按键] shift
[08:57:17] [08:57:17] [动作] 攻击键 [shift]
[08:57:17] [08:57:17][决策] 角色: 屏幕(1058,568)  小地图(106,62)
平台: platform_0  朝向: l  模式: 固定路线
途经点[1]: (117,64)  平台=platform_0  距离=(+12,+2)  回归=下跳
动作: 身前有怪（dx=-67），用爆炸箭攻击
[08:57:17] [08:57:17] [动作] 攻击键 [shift]
[08:57:17] [08:57:17][决策] 角色: 屏幕(1062,564)  小地图(106,62)
平台: platform_0  朝向: l  模式: 固定路线
途经点[1]: (117,64)  平台=platform_0  距离=(+10,+2)  回归=下跳
动作: 身前有怪（dx=-71），用爆炸箭攻击
[08:57:17] [08:57:17] [动作] 攻击键 [shift]
[08:57:18] [08:57:18][决策] 角色: 屏幕(1145,568)  小地图(110,62)
平台: platform_0  朝向: l  模式: 固定路线
途经点[1]: (117,64)  平台=platform_0  距离=(+6,+2)  回归=下跳
动作: 身前有怪（dx=-108），用爆炸箭攻击
[08:57:18] [08:57:18] [动作] 攻击键 [shift]
[08:57:18] [08:57:18][决策] 角色: 屏幕(1146,568)  小地图(110,62)
平台: platform_0  朝向: l  模式: 固定路线
途经点[1]: (117,64)  平台=platform_0  距离=(+6,+2)  回归=下跳
动作: 身前有怪（dx=-50），用爆炸箭攻击
[08:57:18] [08:57:18] [按键] shift
[08:57:18] [08:57:18] [动作] 攻击键 [shift]
[08:57:18] [08:57:18][决策] 角色: 屏幕(1146,568)  小地图(110,62)
平台: platform_0  朝向: l  模式: 固定路线
途经点[1]: (117,64)  平台=platform_0  距离=(+6,+2)  回归=下跳
动作: 身前有怪（dx=-50），用爆炸箭攻击
[08:57:18] [08:57:18] [动作] 攻击键 [shift]
[08:57:19] [08:57:19][决策] 角色: 屏幕(1146,568)  小地图(110,62)
平台: platform_0  朝向: l  模式: 固定路线
途经点[1]: (117,64)  平台=platform_0  距离=(+6,+2)  回归=下跳
动作: 身前有怪（dx=-30），用爆炸箭攻击
[08:57:19] [08:57:19] [动作] 攻击键 [shift]
[08:57:19] [08:57:19][决策] 角色: 屏幕(1146,568)  小地图(110,62)
平台: platform_0  朝向: l  模式: 固定路线
途经点[1]: (117,64)  平台=platform_0  距离=(+6,+2)  回归=下跳
动作: 身前有怪（dx=-64），用爆炸箭攻击
[08:57:19] [08:57:19] [按键] shift
[08:57:19] [08:57:19] [动作] 攻击键 [shift]
[08:57:19] [08:57:19][决策] 角色: 屏幕(1146,568)  小地图(110,62)
平台: platform_0  朝向: l  模式: 固定路线
途经点[1]: (117,64)  平台=platform_0  距离=(+6,+2)  回归=下跳
动作: 身前有怪（dx=-64），用爆炸箭攻击
[08:57:20] [08:57:20] [动作] 攻击键 [shift]
[08:57:20] [08:57:20][决策] 角色: 屏幕(1146,568)  小地图(110,62)
平台: platform_0  朝向: l  模式: 固定路线
途经点[1]: (117,64)  平台=platform_0  距离=(+6,+2)  回归=下跳
动作: 身后有怪（dx=100），转身攻击
[08:57:20] [08:57:20] [动作] 原地转向 右
[08:57:20] [08:57:20] [动作] 攻击键 [shift]
[08:57:20] [08:57:20][决策] 角色: 屏幕(1146,568)  小地图(110,62)
平台: platform_0  朝向: r  模式: 固定路线
途经点[1]: (117,64)  平台=platform_0  距离=(+6,+2)  回归=下跳
动作: 身前有怪（dx=100），用爆炸箭攻击
[08:57:20] [08:57:20] [动作] 攻击键 [shift]
[08:57:20] [08:57:20][决策] 角色: 屏幕(1146,568)  小地图(110,62)
平台: platform_0  朝向: r  模式: 固定路线
途经点[1]: (117,64)  平台=platform_0  距离=(+6,+2)  回归=下跳
动作: 身前有怪（dx=34），用爆炸箭攻击
[08:57:21] [08:57:21] [按键] shift
[08:57:21] [08:57:21] [动作] 攻击键 [shift]
[08:57:21] [08:57:21][决策] 角色: 屏幕(1146,568)  小地图(110,62)
平台: platform_0  朝向: r  模式: 固定路线
途经点[1]: (117,64)  平台=platform_0  距离=(+6,+2)  回归=下跳
动作: 身前有怪（dx=88），用爆炸箭攻击
[08:57:21] [08:57:21] [动作] 攻击键 [shift]
[08:57:21] [08:57:21][决策] 角色: 屏幕(1146,568)  小地图(110,62)
平台: platform_0  朝向: r  模式: 固定路线
途经点[1]: (117,64)  平台=platform_0  距离=(+6,+2)  回归=下跳
动作: 身前有怪（dx=88），用爆炸箭攻击
[08:57:21] [08:57:21] [动作] 攻击键 [shift]
[08:57:22] [08:57:22][决策] 角色: 屏幕(1146,568)  小地图(110,62)
平台: platform_0  朝向: r  模式: 固定路线
途经点[1]: (117,64)  平台=platform_0  距离=(+6,+2)  回归=下跳
动作: 身前有怪（dx=120），用爆炸箭攻击
[08:57:22] [08:57:22] [按键] shift
[08:57:22] [08:57:22] [动作] 攻击键 [shift]
[08:57:22] [08:57:22][决策] 角色: 屏幕(1170,551)  小地图(114,62)
平台: platform_0  朝向: r  模式: 固定路线
途经点[1]: (117,64)  平台=platform_0  距离=(+4,+2)  回归=下跳
动作: 到达途经点1，前往2
[08:57:22] [08:57:22][决策] 角色: 屏幕(1227,568)  小地图(116,62)
平台: platform_0  朝向: r  模式: 固定路线
途经点[2]: (112,52)  平台=未知  距离=(-4,-10)  回归=下跳
动作: 到达途经点2，前往3
[08:57:23] [08:57:23][决策] 角色: 屏幕(1233,568)  小地图(116,62)
平台: platform_0  朝向: r  模式: 固定路线
途经点[3]: (113,41)  平台=platform_1  距离=(-4,-22)  回归=下跳
动作: 身后有怪（dx=-98），转身攻击
[08:57:23] [08:57:23] [按键] l
[08:57:23] [08:57:23] [动作] 原地转向 左
[08:57:23] [08:57:23] [动作] 攻击键 [shift]
[08:57:23] [08:57:23] [爬梯] 创建: dir=up rope_x=112 target_y=42 dep_y=62
[08:57:23] [08:57:23][决策] 角色: 屏幕(1231,568)  小地图(116,62)
平台: platform_0  朝向: l  模式: 固定路线
途经点[3]: (113,41)  平台=platform_1  距离=(-2,-22)  回归=下跳
动作: 跨平台 绳梯 → platform_1
[08:57:23] [08:57:23] [爬梯] turn: dx=-4 facing=l matched → skip to move
[08:57:23] [08:57:23] [爬梯] move: at_position dx=-4 → settle
[08:57:23] [08:57:23] [爬梯] move→mount jump_up(l)
[08:57:23] [08:57:23] [动作] 上跳 左
[08:57:23] [08:57:23] 发现近身怪物，中断上梯优先清怪
[08:57:23] [08:57:23] 近身怪物，中断爬梯
[08:57:24] [08:57:24] [爬梯] 创建: dir=up rope_x=112 target_y=42 dep_y=62
[08:57:24] [08:57:24][决策] 角色: 屏幕(1231,568)  小地图(116,62)
平台: platform_0  朝向: l  模式: 固定路线
途经点[3]: (113,41)  平台=platform_1  距离=(-2,-22)  回归=下跳
动作: 跨平台 绳梯 → platform_1
[08:57:24] [08:57:24] [爬梯] turn: dx=-4 facing=l matched → skip to move
[08:57:24] [08:57:24] [爬梯] move: at_position dx=-4 → settle
[08:57:24] [08:57:24] [爬梯] move→mount jump_up(l)
[08:57:24] [08:57:24] [动作] 上跳 左
[08:57:24] [08:57:24] 发现近身怪物，中断上梯优先清怪
[08:57:24] [08:57:24] 近身怪物，中断爬梯
[08:57:24] [08:57:24][决策] 角色: 屏幕(1210,568)  小地图(114,62)
平台: platform_0  朝向: l  模式: 固定路线
途经点[3]: (113,41)  平台=platform_1  距离=(-2,-22)  回归=下跳
动作: 身前有怪（dx=-83），用爆炸箭攻击
[08:57:24] [08:57:24] [按键] shift
[08:57:24] [08:57:24] [动作] 攻击键 [shift]
[08:57:25] [08:57:25][决策] 角色: 屏幕(1184,568)  小地图(112,62)
平台: platform_0  朝向: l  模式: 固定路线
途经点[3]: (113,41)  平台=platform_1  距离=(+0,-22)  回归=下跳
动作: 身后有怪（dx=24），转身攻击
[08:57:25] [08:57:25] [动作] 原地转向 右
[08:57:25] [08:57:25] [动作] 攻击键 [shift]
[08:57:25] [08:57:25][决策] 角色: 屏幕(1184,568)  小地图(112,62)
平台: platform_0  朝向: r  模式: 固定路线
途经点[3]: (113,41)  平台=platform_1  距离=(+0,-22)  回归=下跳
动作: 身前有怪（dx=24），用爆炸箭攻击
[08:57:25] [08:57:25] [动作] 攻击键 [shift]
[08:57:25] [08:57:25] [爬梯] 创建: dir=up rope_x=112 target_y=42 dep_y=62
[08:57:25] [08:57:25][决策] 角色: 屏幕(1184,568)  小地图(112,62)
平台: platform_0  朝向: r  模式: 固定路线
途经点[3]: (113,41)  平台=platform_1  距离=(+0,-22)  回归=下跳
动作: 跨平台 绳梯 → platform_1
[08:57:25] [08:57:25] [爬梯] turn: dx=-0 facing=r → tap l
[08:57:25] [08:57:25] [按键] l
[08:57:26] [08:57:26] [爬梯] turn→move
[08:57:26] [08:57:26] [爬梯] move: at_position dx=-0 → settle
[08:57:26] [08:57:26] 发现近身怪物，中断上梯优先清怪
[08:57:26] [08:57:26] 近身怪物，中断爬梯
[08:57:26] [08:57:26][决策] 角色: 屏幕(1184,568)  小地图(112,62)
平台: platform_0  朝向: l  模式: 固定路线
途经点[3]: (113,41)  平台=platform_1  距离=(+0,-22)  回归=下跳
动作: 身前有怪（dx=-96），用爆炸箭攻击
[08:57:26] [08:57:26] [动作] 攻击键 [shift]
[08:57:26] [08:57:26][决策] 角色: 屏幕(1230,550)  小地图(118,62)
平台: platform_0  朝向: l  模式: 固定路线
途经点[3]: (113,41)  平台=platform_1  距离=(-4,-22)  回归=下跳
动作: 身前有怪（dx=-69），用爆炸箭攻击
[08:57:26] [08:57:26] [按键] shift
[08:57:26] [08:57:26] [动作] 攻击键 [shift]
[08:57:27] [08:57:27] [爬梯] 创建: dir=up rope_x=112 target_y=42 dep_y=62
[08:57:27] [08:57:27][决策] 角色: 屏幕(1230,550)  小地图(118,62)
平台: platform_0  朝向: l  模式: 固定路线
途经点[3]: (113,41)  平台=platform_1  距离=(-6,-22)  回归=下跳
动作: 跨平台 绳梯 → platform_1
[08:57:27] [08:57:27] [爬梯] turn: dx=-6 facing=l matched → skip to move
[08:57:27] [08:57:27] [爬梯] move: dx=-6 → walk l
[08:57:27] [08:57:27] [爬梯] move: at_position dx=-4 → settle
[08:57:28] [08:57:28] [3360] 绳梯诊断: 黄点有 pos=(114,62)  最近绳梯=无匹配 dist=-
[08:57:28] [08:57:28] [爬梯] move→mount jump_up(l)
[08:57:28] [08:57:28] [动作] 上跳 左
[08:57:28] [08:57:28] [3372] 检测到角色在绳梯上 (x=112, y=56)
[08:57:28] [08:57:28] [动作] 按↑ 爬升
[08:57:28] [08:57:28] [爬梯] mount→climb
[08:57:28] [08:57:28] [动作] 按↑ 爬升
[08:57:28] [08:57:28] [动作] 按↑ 爬升
[08:57:29] [08:57:29] [动作] 按↑ 爬升
[08:57:29] [08:57:29] [动作] 按↑ 爬升
[08:57:29] [08:57:29] [动作] 按↑ 爬升
[08:57:29] [08:57:29] [动作] 按↑ 爬升
[08:57:29] [08:57:29] [动作] 按↑ 爬升
[08:57:29] [08:57:29] [动作] 按↑ 爬升
[08:57:29] [08:57:29] [动作] 按↑ 爬升
[08:57:29] [08:57:29] [动作] 按↑ 爬升
[08:57:29] [08:57:29] [动作] 按↑ 爬升
[08:57:29] [08:57:29] [动作] 按↑ 爬升
[08:57:29] [08:57:29] [动作] 按↑ 爬升
[08:57:29] [08:57:29] [动作] 按↑ 爬升
[08:57:29] [08:57:29] [动作] 按↑ 爬升
[08:57:29] [08:57:29] [动作] 按↑ 爬升
[08:57:29] [08:57:29] [动作] 按↑ 爬升
[08:57:29] [08:57:29] [动作] 按↑ 爬升
[08:57:29] [08:57:29] [动作] 按↑ 爬升
[08:57:30] [08:57:30] [动作] 按↑ 爬升
[08:57:30] [08:57:30] [动作] 按↑ 爬升
[08:57:30] [08:57:30] [动作] 按↑ 爬升
[08:57:30] [08:57:30] [动作] 按↑ 爬升
[08:57:30] [08:57:30] [动作] 按↑ 爬升
[08:57:30] [08:57:30] [动作] 按↑ 爬升
[08:57:30] [08:57:30] [动作] 按↑ 爬升
[08:57:30] [08:57:30] [动作] 按↑ 爬升
[08:57:30] [08:57:30] [动作] 按↑ 爬升
[08:57:30] [08:57:30] [动作] 按↑ 爬升
[08:57:30] [08:57:30] [3405] 角色离开绳梯
[08:57:30] [08:57:30] [动作] 按↑ 爬升
[08:57:30] [08:57:30] [动作] 按↑ 爬升
[08:57:30] [08:57:30] [动作] 按↑ 爬升
[08:57:30] [08:57:30] [动作] 按↑ 爬升
[08:57:30] [08:57:30] [动作] 按↑ 爬升
[08:57:31] [08:57:31] [动作] 按↑ 爬升
[08:57:31] [08:57:31] [爬梯] climb: reached top py=42 target=42
[08:57:31] [08:57:31] [动作] 按↑ 爬升
[08:57:31] [08:57:31] [动作] 按↑ 爬升
[08:57:31] [08:57:31] [动作] 按↑ 爬升
[08:57:31] [08:57:31] [动作] 按↑ 爬升
[08:57:31] [08:57:31] [动作] 按↑ 爬升
[08:57:31] [08:57:31] [动作] 按↑ 爬升
[08:57:31] [08:57:31] [动作] 按↑ 爬升
[08:57:31] [08:57:31] [动作] 按↑ 爬升
[08:57:31] [08:57:31] [动作] 按↑ 爬升
[08:57:31] [08:57:31] [爬梯] climb→finish
[08:57:31] [08:57:31] 到达目标平台，附近无怪，无需重置朝向
[08:57:32] [08:57:32][决策] 角色: 屏幕(1178,266)  小地图(112,40)
平台: platform_1  朝向: l  模式: 固定路线
途经点[3]: (113,41)  平台=platform_1  距离=(+0,+2)  回归=下跳
动作: 到达途经点3，前往4
[08:57:32] [08:57:32][决策] 角色: 屏幕(1178,266)  小地图(112,40)
平台: platform_1  朝向: l  模式: 固定路线
途经点[4]: (106,30)  平台=未知  距离=(-6,-10)  回归=下跳
动作: 到达途经点4，前往5
[08:57:32] [08:57:32] [爬梯] 创建: dir=up rope_x=106 target_y=21 dep_y=41
[08:57:32] [08:57:32][决策] 角色: 屏幕(1178,266)  小地图(112,40)
平台: platform_1  朝向: l  模式: 固定路线
途经点[5]: (118,19)  平台=platform_5  距离=(+6,-20)  回归=下跳
动作: 跨平台 绳梯 → platform_5
[08:57:32] [08:57:32] [爬梯] turn: dx=-6 facing=l matched → skip to move
[08:57:32] [08:57:32] [爬梯] move: dx=-6 → walk l
[08:57:33] [08:57:33] [爬梯] move: at_position dx=-4 → settle
[08:57:33] [08:57:33] [爬梯] move→mount jump_up(l)
[08:57:33] [08:57:33] [动作] 上跳 左
[08:57:34] [08:57:34] [3462] 检测到角色在绳梯上 (x=106, y=34)
[08:57:34] [08:57:34] [动作] 按↑ 爬升
[08:57:34] [08:57:34] [爬梯] mount→climb
[08:57:34] [08:57:34] [动作] 按↑ 爬升
[08:57:34] [08:57:34] [动作] 按↑ 爬升
[08:57:34] [08:57:34] [动作] 按↑ 爬升
[08:57:34] [08:57:34] [动作] 按↑ 爬升
[08:57:34] [08:57:34] [动作] 按↑ 爬升
[08:57:34] [08:57:34] [动作] 按↑ 爬升
[08:57:34] [08:57:34] [动作] 按↑ 爬升
[08:57:34] [08:57:34] [动作] 按↑ 爬升
[08:57:34] [08:57:34] [动作] 按↑ 爬升
[08:57:35] [08:57:35] [动作] 按↑ 爬升
[08:57:35] [08:57:35] [动作] 按↑ 爬升
[08:57:35] [08:57:35] [动作] 按↑ 爬升
[08:57:35] [08:57:35] [动作] 按↑ 爬升
[08:57:35] [08:57:35] [动作] 按↑ 爬升
[08:57:35] [08:57:35] [动作] 按↑ 爬升
[08:57:35] [08:57:35] [动作] 按↑ 爬升
[08:57:35] [08:57:35] [动作] 按↑ 爬升
[08:57:35] [08:57:35] [动作] 按↑ 爬升
[08:57:35] [08:57:35] [动作] 按↑ 爬升
[08:57:35] [08:57:35] [动作] 按↑ 爬升
[08:57:35] [08:57:35] [动作] 按↑ 爬升
[08:57:35] [08:57:35] [3487] 角色离开绳梯
[08:57:35] [08:57:35] [动作] 按↑ 爬升
[08:57:35] [08:57:35] [动作] 按↑ 爬升
[08:57:35] [08:57:35] [动作] 按↑ 爬升
[08:57:36] [08:57:36] [动作] 按↑ 爬升
[08:57:36] [08:57:36] [动作] 按↑ 爬升
[08:57:36] [08:57:36] [动作] 按↑ 爬升
[08:57:36] [08:57:36] [动作] 按↑ 爬升
[08:57:36] [08:57:36] [动作] 按↑ 爬升
[08:57:36] [08:57:36] [爬梯] climb: reached top py=20 target=21
[08:57:36] [08:57:36] [动作] 按↑ 爬升
[08:57:36] [08:57:36] [动作] 按↑ 爬升
[08:57:36] [08:57:36] [动作] 按↑ 爬升
[08:57:36] [08:57:36] [动作] 按↑ 爬升
[08:57:36] [08:57:36] [动作] 按↑ 爬升
[08:57:36] [08:57:36] [动作] 按↑ 爬升
[08:57:36] [08:57:36] [动作] 按↑ 爬升
[08:57:36] [08:57:36] [动作] 按↑ 爬升
[08:57:36] [08:57:36] [动作] 按↑ 爬升
[08:57:36] [08:57:36] [爬梯] climb→finish
[08:57:36] [08:57:36] [按键] r
[08:57:36] [08:57:36] [动作] 原地转向 右
[08:57:36] [08:57:36] 到达目标平台，附近有怪，重置朝向
[08:57:37] [08:57:37][决策] 角色: 屏幕(1086,386)  小地图(106,18)
平台: platform_5  朝向: r  模式: 固定路线
途经点[5]: (118,19)  平台=platform_5  距离=(+12,+0)  回归=下跳
动作: 身前有怪（dx=121），用爆炸箭攻击
[08:57:37] [08:57:37] [动作] 攻击键 [shift]
[08:57:37] [08:57:37] [动作] 攻击键 [shift]
[08:57:37] [08:57:37][决策] 角色: 屏幕(1130,375)  小地图(110,18)
平台: platform_5  朝向: r  模式: 固定路线
途经点[5]: (118,19)  平台=platform_5  距离=(+8,+2)  回归=下跳
动作: 身前有怪（dx=49），用爆炸箭攻击
[08:57:37] [08:57:37] [动作] 攻击键 [shift]
[08:57:38] [08:57:38][决策] 角色: 屏幕(1159,387)  小地图(112,18)
平台: platform_5  朝向: r  模式: 固定路线
途经点[5]: (118,19)  平台=platform_5  距离=(+6,+0)  回归=下跳
动作: 到达途经点5，前往6
[08:57:38] [08:57:38][决策] 角色: 屏幕(1166,387)  小地图(112,18)
平台: platform_5  朝向: r  模式: 固定路线
途经点[6]: (82,22)  平台=platform_5  距离=(-30,+4)  回归=下跳
动作: 同平台向左步行
[08:57:38] [08:57:38][决策] 角色: 屏幕(1143,387)  小地图(110,18)
平台: platform_5  朝向: r  模式: 固定路线
途经点[6]: (82,22)  平台=platform_5  距离=(-28,+4)  回归=下跳
动作: 身后有怪（dx=-64），转身攻击
[08:57:38] [08:57:38] [按键] l
[08:57:38] [08:57:38] [动作] 原地转向 左
[08:57:38] [08:57:38] [动作] 攻击键 [shift]
[08:57:39] [08:57:39][决策] 角色: 屏幕(1104,388)  小地图(108,18)
平台: platform_5  朝向: l  模式: 固定路线
途经点[6]: (82,22)  平台=platform_5  距离=(-26,+4)  回归=下跳
动作: 身前有怪（dx=-25），用爆炸箭攻击
[08:57:39] [08:57:39] [动作] 攻击键 [shift]
[08:57:39] [08:57:39][决策] 角色: 屏幕(1104,388)  小地图(108,18)
平台: platform_5  朝向: l  模式: 固定路线
途经点[6]: (82,22)  平台=platform_5  距离=(-26,+4)  回归=下跳
动作: 身前有怪（dx=-67），用爆炸箭攻击
[08:57:39] [08:57:39] [动作] 攻击键 [shift]
[08:57:39] [08:57:39][决策] 角色: 屏幕(1104,388)  小地图(108,18)
平台: platform_5  朝向: l  模式: 固定路线
途经点[6]: (82,22)  平台=platform_5  距离=(-26,+4)  回归=下跳
动作: 身前有怪（dx=-97），用爆炸箭攻击
[08:57:39] [08:57:39] [按键] shift
[08:57:39] [08:57:39] [动作] 攻击键 [shift]
[08:57:40] [08:57:40][决策] 角色: 屏幕(1104,388)  小地图(108,18)
平台: platform_5  朝向: l  模式: 固定路线
途经点[6]: (82,22)  平台=platform_5  距离=(-26,+4)  回归=下跳
动作: 身前有怪（dx=-97），用爆炸箭攻击
[08:57:40] [08:57:40] [动作] 攻击键 [shift]
[08:57:40] [08:57:40][决策] 角色: 屏幕(1104,388)  小地图(108,18)
平台: platform_5  朝向: l  模式: 固定路线
途经点[6]: (82,22)  平台=platform_5  距离=(-26,+4)  回归=下跳
动作: 身前有怪（dx=-78），用爆炸箭攻击
[08:57:40] [08:57:40] [动作] 攻击键 [shift]
[08:57:40] [08:57:40][决策] 角色: 屏幕(1104,388)  小地图(108,18)
平台: platform_5  朝向: l  模式: 固定路线
途经点[6]: (82,22)  平台=platform_5  距离=(-26,+4)  回归=下跳
动作: 身前有怪（dx=-78），用爆炸箭攻击
[08:57:40] [08:57:40] [动作] 攻击键 [shift]
[08:57:41] [08:57:41][决策] 角色: 屏幕(1104,388)  小地图(108,18)
平台: platform_5  朝向: l  模式: 固定路线
途经点[6]: (82,22)  平台=platform_5  距离=(-26,+4)  回归=下跳
动作: 身后有怪（dx=134），转身攻击
[08:57:41] [08:57:41] [按键] r
[08:57:41] [08:57:41] [动作] 原地转向 右
[08:57:41] [08:57:41] [动作] 攻击键 [shift]
[08:57:41] [08:57:41][决策] 角色: 屏幕(1106,388)  小地图(108,18)
平台: platform_5  朝向: r  模式: 固定路线
途经点[6]: (82,22)  平台=platform_5  距离=(-26,+4)  回归=下跳
动作: 身前有怪（dx=98），用爆炸箭攻击
[08:57:41] [08:57:41] [动作] 攻击键 [shift]
[08:57:41] [08:57:41][决策] 角色: 屏幕(1106,388)  小地图(108,18)
平台: platform_5  朝向: r  模式: 固定路线
途经点[6]: (82,22)  平台=platform_5  距离=(-26,+4)  回归=下跳
动作: 身前有怪（dx=98），用爆炸箭攻击
[08:57:41] [08:57:41] [动作] 攻击键 [shift]
[08:57:42] [08:57:42][决策] 角色: 屏幕(1106,388)  小地图(108,18)
平台: platform_5  朝向: r  模式: 固定路线
途经点[6]: (82,22)  平台=platform_5  距离=(-26,+4)  回归=下跳
动作: 身前有怪（dx=67），用爆炸箭攻击
[08:57:42] [08:57:42] [按键] shift
[08:57:42] [08:57:42] [动作] 攻击键 [shift]
[08:57:42] [08:57:42][决策] 角色: 屏幕(1106,388)  小地图(108,18)
平台: platform_5  朝向: r  模式: 固定路线
途经点[6]: (82,22)  平台=platform_5  距离=(-26,+4)  回归=下跳
动作: 身前有怪（dx=71），用爆炸箭攻击
[08:57:42] [08:57:42] [动作] 攻击键 [shift]
[08:57:42] [08:57:42][决策] 角色: 屏幕(1106,388)  小地图(108,18)
平台: platform_5  朝向: r  模式: 固定路线
途经点[6]: (82,22)  平台=platform_5  距离=(-26,+4)  回归=下跳
动作: 身前有怪（dx=71），用爆炸箭攻击
[08:57:42] [08:57:42] [动作] 攻击键 [shift]
[08:57:43] [08:57:43][决策] 角色: 屏幕(1106,388)  小地图(108,18)
平台: platform_5  朝向: r  模式: 固定路线
途经点[6]: (82,22)  平台=platform_5  距离=(-26,+4)  回归=下跳
动作: 同平台向左步行
[08:57:43] [08:57:43][决策] 角色: 屏幕(1106,388)  小地图(108,18)
平台: platform_5  朝向: r  模式: 固定路线
途经点[6]: (82,22)  平台=platform_5  距离=(-26,+4)  回归=下跳
动作: 同平台向左步行
[08:57:43] [08:57:43][决策] 角色: 屏幕(1085,394)  小地图(106,18)
平台: platform_5  朝向: r  模式: 固定路线
途经点[6]: (82,22)  平台=platform_5  距离=(-24,+4)  回归=下跳
动作: 同平台向左步行
[08:57:44] [08:57:44][决策] 角色: 屏幕(1054,396)  小地图(104,18)
平台: platform_5  朝向: r  模式: 固定路线
途经点[6]: (82,22)  平台=platform_5  距离=(-22,+4)  回归=下跳
动作: 同平台向左步行
[08:57:44] [08:57:44][决策] 角色: 屏幕(1002,397)  小地图(102,18)
平台: platform_5  朝向: r  模式: 固定路线
途经点[6]: (82,22)  平台=platform_5  距离=(-20,+4)  回归=下跳
动作: 同平台向左步行
[08:57:44] [08:57:44][决策] 角色: 屏幕(953,398)  小地图(98,18)
平台: platform_5  朝向: r  模式: 固定路线
途经点[6]: (82,22)  平台=platform_5  距离=(-16,+4)  回归=下跳
动作: 同平台向左步行
[08:57:45] [08:57:45][决策] 角色: 屏幕(904,399)  小地图(96,18)
平台: platform_5  朝向: r  模式: 固定路线
途经点[6]: (82,22)  平台=platform_5  距离=(-14,+4)  回归=下跳
动作: 同平台向左步行
[08:57:45] [08:57:45][决策] 角色: 屏幕(853,400)  小地图(92,18)
平台: platform_5  朝向: r  模式: 固定路线
途经点[6]: (82,22)  平台=platform_5  距离=(-10,+4)  回归=下跳
动作: 同平台向左步行
[08:57:46] [08:57:46][决策] 角色: 屏幕(789,411)  小地图(88,20)
平台: platform_5  朝向: r  模式: 固定路线
途经点[6]: (82,22)  平台=platform_5  距离=(-6,+2)  回归=下跳
动作: 身后有怪（dx=-75），转身攻击
[08:57:46] [08:57:46] [按键] l
[08:57:46] [08:57:46] [动作] 原地转向 左
[08:57:46] [08:57:46] [动作] 攻击键 [shift]
[08:57:46] [08:57:46][决策] 角色: 屏幕(757,413)  小地图(86,20)
平台: platform_5  朝向: l  模式: 固定路线
途经点[6]: (82,22)  平台=platform_5  距离=(-4,+2)  回归=下跳
动作: 身前有怪（dx=-43），用爆炸箭攻击
[08:57:46] [08:57:46] [动作] 攻击键 [shift]
[08:57:46] [08:57:46][决策] 角色: 屏幕(756,413)  小地图(86,20)
平台: platform_5  朝向: l  模式: 固定路线
途经点[6]: (82,22)  平台=platform_5  距离=(-4,+2)  回归=下跳
动作: 身前有怪（dx=-61），用爆炸箭攻击
[08:57:46] [08:57:46] [动作] 攻击键 [shift]
[08:57:47] [08:57:47][决策] 角色: 屏幕(756,413)  小地图(86,20)
平台: platform_5  朝向: l  模式: 固定路线
途经点[6]: (82,22)  平台=platform_5  距离=(-4,+2)  回归=下跳
动作: 身前有怪（dx=-61），用爆炸箭攻击
[08:57:47] [08:57:47] [动作] 攻击键 [shift]
[08:57:47] [08:57:47][决策] 角色: 屏幕(756,413)  小地图(86,20)
平台: platform_5  朝向: l  模式: 固定路线
途经点[6]: (82,22)  平台=platform_5  距离=(-4,+2)  回归=下跳
动作: 到达途经点6，前往7
[08:57:47] [08:57:47][决策] 角色: 屏幕(756,413)  小地图(86,20)
平台: platform_5  朝向: l  模式: 固定路线
途经点[7]: (79,24)  平台=platform_4  距离=(-8,+5)  回归=下跳
动作: 跨平台 跳跃 → platform_4
[08:57:50] [08:57:50] [按键] r
[08:57:50] [08:57:50] [动作] 原地转向 右
[08:57:50] [08:57:50] 到达目标平台，附近有怪，重置朝向
[08:57:51] [08:57:51][决策] 角色: 屏幕(574,473)  小地图(66,24)
平台: 未知  朝向: r  模式: 固定路线
途经点[7]: (79,24)  平台=platform_4  距离=(+14,+1)  回归=下跳
动作: 身前有怪（dx=98），用爆炸箭攻击
[08:57:51] [08:57:51] [动作] 攻击键 [shift]
[08:57:51] [08:57:51][决策] 角色: 屏幕(590,473)  小地图(66,24)
平台: 未知  朝向: r  模式: 固定路线
途经点[7]: (79,24)  平台=platform_4  距离=(+14,+1)  回归=下跳
动作: 身前有怪（dx=28），用爆炸箭攻击
[08:57:51] [08:57:51] [动作] 攻击键 [shift]
[08:57:51] [08:57:51][决策] 角色: 屏幕(600,473)  小地图(66,24)
平台: 未知  朝向: r  模式: 固定路线
途经点[7]: (79,24)  平台=platform_4  距离=(+14,+1)  回归=下跳
动作: 身前有怪（dx=49），用爆炸箭攻击
[08:57:52] [08:57:52] [按键] shift
[08:57:52] [08:57:52] [动作] 攻击键 [shift]
[08:57:52] [08:57:52] [3720] 绳梯诊断: 黄点有 pos=(66,24)  最近绳梯=x=106 y=[21,39] dist=40.5
[08:57:52] [08:57:52][决策] 角色: 屏幕(605,473)  小地图(66,24)
平台: 未知  朝向: r  模式: 固定路线
途经点[7]: (79,24)  平台=platform_4  距离=(+14,+1)  回归=下跳
动作: 身前有怪（dx=44），用爆炸箭攻击
[08:57:52] [08:57:52] [动作] 攻击键 [shift]
[08:57:52] [08:57:52][决策] 角色: 屏幕(611,473)  小地图(66,24)
平台: 未知  朝向: r  模式: 固定路线
途经点[7]: (79,24)  平台=platform_4  距离=(+14,+1)  回归=下跳
动作: 同平台向右步行
[08:57:52] [08:57:52][决策] 角色: 屏幕(623,473)  小地图(66,24)
平台: 未知  朝向: r  模式: 固定路线
途经点[7]: (79,24)  平台=platform_4  距离=(+12,+1)  回归=下跳
动作: 同平台向右步行
[08:57:53] [08:57:53][决策] 角色: 屏幕(669,472)  小地图(70,24)
平台: 未知  朝向: r  模式: 固定路线
途经点[7]: (79,24)  平台=platform_4  距离=(+10,+1)  回归=下跳
动作: 到达途经点7，前往8
[08:57:53] [08:57:53][决策] 角色: 屏幕(688,472)  小地图(72,24)
平台: 未知  朝向: r  模式: 固定路线
途经点[8]: (81,26)  平台=platform_4  距离=(+10,+2)  回归=下跳
动作: 到达途经点8，前往9
[08:57:53] [08:57:53][决策] 角色: 屏幕(689,472)  小地图(72,24)
平台: 未知  朝向: r  模式: 固定路线
途经点[9]: (7,26)  平台=platform_4  距离=(-64,+2)  回归=下跳
动作: 同平台向左步行
[08:57:54] [08:57:54][决策] 角色: 屏幕(661,472)  小地图(70,24)
平台: 未知  朝向: r  模式: 固定路线
途经点[9]: (7,26)  平台=platform_4  距离=(-62,+2)  回归=下跳
动作: 同平台向左步行
[08:57:54] [08:57:54][决策] 角色: 屏幕(610,473)  小地图(66,24)
平台: 未知  朝向: r  模式: 固定路线
途经点[9]: (7,26)  平台=platform_4  距离=(-60,+2)  回归=下跳
动作: 同平台向左步行
[08:57:55] [08:57:55][决策] 角色: 屏幕(571,473)  小地图(62,24)
平台: 未知  朝向: r  模式: 固定路线
途经点[9]: (7,26)  平台=platform_4  距离=(-56,+2)  回归=下跳
动作: 身前有怪（dx=145），用爆炸箭攻击
[08:57:55] [08:57:55] [按键] shift
[08:57:55] [08:57:55] [动作] 攻击键 [shift]
[08:57:55] [08:57:55][决策] 角色: 屏幕(567,473)  小地图(62,24)
平台: 未知  朝向: r  模式: 固定路线
途经点[9]: (7,26)  平台=platform_4  距离=(-54,+2)  回归=下跳
动作: 同平台向左步行
[08:57:55] [08:57:55][决策] 角色: 屏幕(580,473)  小地图(62,24)
平台: 未知  朝向: r  模式: 固定路线
途经点[9]: (7,26)  平台=platform_4  距离=(-54,+2)  回归=下跳
动作: 身前有怪（dx=144），用爆炸箭攻击
[08:57:55] [08:57:55] [动作] 攻击键 [shift]
[08:57:56] [08:57:56][决策] 角色: 屏幕(593,473)  小地图(62,24)
平台: 未知  朝向: r  模式: 固定路线
途经点[9]: (7,26)  平台=platform_4  距离=(-54,+2)  回归=下跳
动作: 同平台向左步行
[08:57:56] [08:57:56][决策] 角色: 屏幕(593,473)  小地图(60,24)
平台: 未知  朝向: r  模式: 固定路线
途经点[9]: (7,26)  平台=platform_4  距离=(-54,+2)  回归=下跳
动作: 同平台向左步行
[08:57:56] [08:57:56] [3780] 绳梯诊断: 黄点有 pos=(60,24)  最近绳梯=x=106 y=[21,39] dist=46.5
[08:57:56] [08:57:56][决策] 角色: 屏幕(562,473)  小地图(58,24)
平台: 未知  朝向: r  模式: 固定路线
途经点[9]: (7,26)  平台=platform_4  距离=(-50,+2)  回归=下跳
动作: 同平台向左步行
[08:57:57] [08:57:57][决策] 角色: 屏幕(542,464)  小地图(54,22)
平台: 未知  朝向: r  模式: 固定路线
途经点[9]: (7,26)  平台=platform_4  距离=(-46,+4)  回归=下跳
动作: 同平台向左步行
[08:57:57] [08:57:57][决策] 角色: 屏幕(537,463)  小地图(52,22)
平台: 未知  朝向: r  模式: 固定路线
途经点[9]: (7,26)  平台=platform_4  距离=(-44,+4)  回归=下跳
动作: 同平台向左步行
[08:57:57] [08:57:57][决策] 角色: 屏幕(533,462)  小地图(48,22)
平台: 未知  朝向: r  模式: 固定路线
途经点[9]: (7,26)  平台=platform_4  距离=(-42,+4)  回归=下跳
动作: 同平台向左步行
[08:57:58] [08:57:58][决策] 角色: 屏幕(532,464)  小地图(46,22)
平台: 未知  朝向: r  模式: 固定路线
途经点[9]: (7,26)  平台=platform_4  距离=(-38,+4)  回归=下跳
动作: 同平台向左步行
[08:57:58] [08:57:58][决策] 角色: 屏幕(531,465)  小地图(42,22)
平台: 未知  朝向: r  模式: 固定路线
途经点[9]: (7,26)  平台=platform_4  距离=(-36,+4)  回归=下跳
动作: 同平台向左步行
[08:57:58] [08:57:58][决策] 角色: 屏幕(530,465)  小地图(40,22)
平台: 未知  朝向: r  模式: 固定路线
途经点[9]: (7,26)  平台=platform_4  距离=(-32,+4)  回归=下跳
动作: 同平台向左步行
[08:57:59] [08:57:59][决策] 角色: 屏幕(503,469)  小地图(36,24)
平台: 未知  朝向: r  模式: 固定路线
途经点[9]: (7,26)  平台=platform_4  距离=(-30,+2)  回归=下跳
动作: 同平台向左步行
[08:57:59] [08:57:59][决策] 角色: 屏幕(452,470)  小地图(34,22)
平台: 未知  朝向: r  模式: 固定路线
途经点[9]: (7,26)  平台=platform_4  距离=(-26,+4)  回归=下跳
动作: 身后有怪（dx=-44），转身攻击
[08:57:59] [08:57:59] [按键] l
[08:57:59] [08:57:59] [动作] 原地转向 左
[08:57:59] [08:57:59] [动作] 攻击键 [shift]
[08:58:00] [08:58:00][决策] 角色: 屏幕(484,469)  小地图(36,24)
平台: 未知  朝向: l  模式: 固定路线
途经点[9]: (7,26)  平台=platform_4  距离=(-28,+2)  回归=下跳
动作: 身前有怪（dx=-48），用爆炸箭攻击
[08:58:00] [08:58:00] [动作] 攻击键 [shift]
[08:58:00] [08:58:00][决策] 角色: 屏幕(484,469)  小地图(36,24)
平台: 未知  朝向: l  模式: 固定路线
途经点[9]: (7,26)  平台=platform_4  距离=(-28,+2)  回归=下跳
动作: 身前有怪（dx=-48），用爆炸箭攻击
[08:58:00] [08:58:00] [动作] 攻击键 [shift]
[08:58:00] [08:58:00] [3840] 绳梯诊断: 黄点有 pos=(36,24)  最近绳梯=x=106 y=[21,39] dist=70.5
[08:58:00] [08:58:00][决策] 角色: 屏幕(484,469)  小地图(36,24)
平台: 未知  朝向: l  模式: 固定路线
途经点[9]: (7,26)  平台=platform_4  距离=(-28,+2)  回归=下跳
动作: 同平台向左步行
[08:58:00] [08:58:00][决策] 角色: 屏幕(475,469)  小地图(34,24)
平台: 未知  朝向: l  模式: 固定路线
途经点[9]: (7,26)  平台=platform_4  距离=(-26,+2)  回归=下跳
动作: 同平台向左步行
[08:58:01] [08:58:01][决策] 角色: 屏幕(468,452)  小地图(34,22)
平台: 未知  朝向: l  模式: 固定路线
途经点[9]: (7,26)  平台=platform_4  距离=(-28,+4)  回归=下跳
动作: 身前有怪（dx=-131），用爆炸箭攻击
[08:58:01] [08:58:01] [按键] shift
[08:58:01] [08:58:01] [动作] 攻击键 [shift]
[08:58:01] [08:58:01][决策] 角色: 屏幕(473,469)  小地图(34,24)
平台: 未知  朝向: l  模式: 固定路线
途经点[9]: (7,26)  平台=platform_4  距离=(-28,+2)  回归=下跳
动作: 身前有怪（dx=-102），用爆炸箭攻击
[08:58:01] [08:58:01] [动作] 攻击键 [shift]
[08:58:02] [08:58:02][决策] 角色: 屏幕(473,469)  小地图(34,24)
平台: 未知  朝向: l  模式: 固定路线
途经点[9]: (7,26)  平台=platform_4  距离=(-28,+2)  回归=下跳
动作: 身前有怪（dx=-102），用爆炸箭攻击
[08:58:02] [08:58:02] [动作] 攻击键 [shift]
[08:58:02] [08:58:02][决策] 角色: 屏幕(473,469)  小地图(34,24)
平台: 未知  朝向: l  模式: 固定路线
途经点[9]: (7,26)  平台=platform_4  距离=(-28,+2)  回归=下跳
动作: 身前有怪（dx=-66），用爆炸箭攻击
[08:58:02] [08:58:02] [按键] shift
[08:58:02] [08:58:02] [动作] 攻击键 [shift]
[08:58:02] [08:58:02][决策] 角色: 屏幕(473,469)  小地图(34,24)
平台: 未知  朝向: l  模式: 固定路线
途经点[9]: (7,26)  平台=platform_4  距离=(-28,+2)  回归=下跳
动作: 同平台向左步行
[08:58:03] [08:58:03][决策] 角色: 屏幕(465,469)  小地图(34,24)
平台: 未知  朝向: l  模式: 固定路线
途经点[9]: (7,26)  平台=platform_4  距离=(-26,+2)  回归=下跳
动作: 同平台向左步行
[08:58:03] [08:58:03][决策] 角色: 屏幕(420,476)  小地图(30,24)
平台: 未知  朝向: l  模式: 固定路线
途经点[9]: (7,26)  平台=platform_4  距离=(-24,+2)  回归=下跳
动作: 身后有怪（dx=49），转身攻击
[08:58:03] [08:58:03] [按键] r
[08:58:03] [08:58:03] [动作] 原地转向 右
[08:58:03] [08:58:03] [动作] 攻击键 [shift]
[08:58:03] [08:58:03][决策] 角色: 屏幕(389,475)  小地图(30,24)
平台: 未知  朝向: r  模式: 固定路线
途经点[9]: (7,26)  平台=platform_4  距离=(-22,+2)  回归=下跳
动作: 身前有怪（dx=107），用爆炸箭攻击
[08:58:03] [08:58:03] [动作] 攻击键 [shift]
[08:58:04] [08:58:04][决策] 角色: 屏幕(389,474)  小地图(30,24)
平台: 未知  朝向: r  模式: 固定路线
途经点[9]: (7,26)  平台=platform_4  距离=(-22,+2)  回归=下跳
动作: 身前有怪（dx=107），用爆炸箭攻击
[08:58:04] [08:58:04] [动作] 攻击键 [shift]
[08:58:04] [08:58:04][决策] 角色: 屏幕(389,474)  小地图(30,24)
平台: 未知  朝向: r  模式: 固定路线
途经点[9]: (7,26)  平台=platform_4  距离=(-22,+2)  回归=下跳
动作: 同平台向左步行
[08:58:04] [08:58:04][决策] 角色: 屏幕(381,474)  小地图(28,24)
平台: 未知  朝向: r  模式: 固定路线
途经点[9]: (7,26)  平台=platform_4  距离=(-22,+2)  回归=下跳
动作: 同平台向左步行
[08:58:05] [08:58:05][决策] 角色: 屏幕(331,474)  小地图(26,24)
平台: 未知  朝向: r  模式: 固定路线
途经点[9]: (7,26)  平台=platform_4  距离=(-18,+2)  回归=下跳
动作: 同平台向左步行
[08:58:05] [08:58:05][决策] 角色: 屏幕(297,475)  小地图(24,24)
平台: 未知  朝向: r  模式: 固定路线
途经点[9]: (7,26)  平台=platform_4  距离=(-16,+2)  回归=下跳
动作: 同平台向左步行
[08:58:05] [08:58:05][决策] 角色: 屏幕(250,475)  小地图(20,24)
平台: 未知  朝向: r  模式: 固定路线
途经点[9]: (7,26)  平台=platform_4  距离=(-14,+2)  回归=下跳
动作: 同平台向左步行
[08:58:06] [08:58:06][决策] 角色: 屏幕(202,474)  小地图(18,24)
平台: 未知  朝向: r  模式: 固定路线
途经点[9]: (7,26)  平台=platform_4  距离=(-10,+2)  回归=下跳
动作: 同平台向左步行
[08:58:06] [08:58:06][决策] 角色: 屏幕(153,479)  小地图(14,24)
平台: platform_4  朝向: r  模式: 固定路线
途经点[9]: (7,26)  平台=platform_4  距离=(-8,+2)  回归=下跳
动作: 到达途经点9，前往0
[08:58:06] [08:58:06][决策] 角色: 屏幕(123,478)  小地图(12,24)
平台: platform_4  朝向: r  模式: 固定路线
途经点[0]: (6,60)  平台=platform_0  距离=(-6,+36)  回归=下跳
动作: 回归方式=下跳，Alt+↓ 跳下平台
[08:58:07] [08:58:07] 到达目标平台，附近无怪，无需重置朝向
[08:58:07] [08:58:07][决策] 角色: 屏幕(123,654)  小地图(12,56)
平台: 未知  朝向: r  模式: 固定路线
途经点[0]: (6,60)  平台=platform_0  距离=(-6,+4)  回归=下跳
动作: 到达途经点0，前往1
[08:58:08] [08:58:08][决策] 角色: 屏幕(114,1040)  小地图(12,58)
平台: platform_0  朝向: r  模式: 固定路线
途经点[1]: (117,64)  平台=platform_0  距离=(+104,+6)  回归=下跳
动作: 同平台向右步行
[08:58:08] [08:58:08][决策] 角色: 屏幕(149,559)  小地图(14,58)
平台: platform_0  朝向: r  模式: 固定路线
途经点[1]: (117,64)  平台=platform_0  距离=(+102,+6)  回归=下跳
动作: 同平台向右步行
[08:58:08] [08:58:08][决策] 角色: 屏幕(199,526)  小地图(18,58)
平台: platform_0  朝向: r  模式: 固定路线
途经点[1]: (117,64)  平台=platform_0  距离=(+100,+6)  回归=下跳
动作: 同平台向右步行
[08:58:09] [08:58:09][决策] 角色: 屏幕(251,445)  小地图(20,54)
平台: 未知  朝向: r  模式: 固定路线
途经点[1]: (117,64)  平台=platform_0  距离=(+96,+10)  回归=下跳
动作: 同平台向右步行
[08:58:09] [08:58:09][决策] 角色: 屏幕(264,424)  小地图(22,54)
平台: 未知  朝向: r  模式: 固定路线
途经点[1]: (117,64)  平台=platform_0  距离=(+96,+10)  回归=下跳
动作: 同平台向右步行
[08:58:09] [08:58:09][决策] 角色: 屏幕(264,418)  小地图(22,52)
平台: 未知  朝向: r  模式: 固定路线
途经点[1]: (117,64)  平台=platform_0  距离=(+96,+12)  回归=下跳
动作: 同平台向右步行
[08:58:10] [08:58:10][决策] 角色: 屏幕(264,418)  小地图(22,52)
平台: 未知  朝向: r  模式: 固定路线
途经点[1]: (117,64)  平台=platform_0  距离=(+96,+12)  回归=下跳
动作: 同平台向右步行
[08:58:10] [08:58:10][决策] 角色: 屏幕(264,418)  小地图(22,52)
平台: 未知  朝向: r  模式: 固定路线
途经点[1]: (117,64)  平台=platform_0  距离=(+96,+12)  回归=下跳
动作: 同平台向右步行
[08:58:10] [08:58:10] === 脚本已停止，按键已释放 ===
